35,14,4,33,37,13,16,0,161,23,20,41,39,59,40,57,18,18,8,0,1
31,130,19,26,129,106,21,30,143,25,59,290,31,19,67,2,1,19,16,0,1
18,164,34,26,113,42,15,43,183,20,13,229,31,62,53,24,19,15,40,0,1
40,153,84,73,109,187,9,37,55,20,13,14,43,27,74,42,4,10,40,1,1
38,234,142,31,149,239,11,18,90,11,65,214,43,60,92,4,14,18,7,1,1
20,232,17,41,44,80,13,1,43,41,55,151,10,66,55,8,18,12,36,0,1
0,198,118,78,51,10,11,18,145,46,56,215,31,50,31,41,8,10,36,1,1
38,230,84,73,104,283,15,41,87,53,12,361,7,27,71,65,8,10,36,1,1
6,242,125,29,107,133,9,37,144,41,55,265,10,11,55,66,14,12,1,0,1
36,300,17,10,44,152,9,27,191,58,50,167,30,66,24,4,8,12,36,0,1
31,191,155,1,107,110,11,18,213,42,9,173,31,38,3,37,10,10,19,0,1
29,227,124,21,149,83,9,5,122,3,60,339,31,14,25,72,14,10,5,1,1
30,47,150,47,126,124,11,20,90,19,40,310,5,50,31,65,8,5,19,1,1
42,164,20,64,91,26,1,32,130,53,12,71,31,30,31,9,19,15,28,0,1
22,87,125,29,115,47,11,20,90,41,68,159,30,73,13,65,8,18,5,1,1
29,110,72,1,30,153,9,36,108,53,75,169,14,38,95,7,14,12,7,1,1
33,119,42,43,115,182,11,20,90,53,5,89,31,66,25,65,14,8,28,0,1
5,241,132,47,58,71,9,27,191,42,9,240,14,21,8,24,14,12,27,0,1
65,247,70,44,12,99,9,27,92,30,3,307,33,47,50,51,25,5,35,0,1
65,247,70,44,12,99,9,27,92,30,3,307,33,47,50,51,25,5,35,1,1
21,280,78,45,108,128,11,18,178,25,57,210,29,3,86,52,1,7,4,1,1
65,4,157,55,77,189,11,18,160,25,57,324,11,44,45,70,21,15,4,1,1
1,64,102,24,142,145,9,36,211,43,51,226,1,55,82,40,7,8,10,1,1
2,274,38,83,148,147,21,13,1,23,0,341,6,55,98,30,25,15,20,0,1
3,19,163,8,28,199,11,18,90,10,13,130,36,5,14,72,19,19,40,0,1
1,51,43,84,133,153,11,20,90,31,74,316,28,5,52,27,24,5,31,1,1
63,82,117,85,117,73,1,24,153,0,43,216,31,50,74,2,4,12,29,0,1
1,148,64,14,122,283,11,18,90,4,30,51,36,59,45,55,6,19,8,1,1
48,194,111,60,89,178,21,38,61,23,8,346,15,19,94,40,2,15,2,0,1
19,197,170,34,39,89,11,20,90,14,15,326,11,72,65,42,19,19,31,1,1
16,28,149,58,48,17,11,20,90,37,51,27,24,57,22,9,18,2,7,1,1
46,28,43,2,94,214,11,20,90,43,49,76,0,40,56,37,18,22,24,1,1
65,160,4,85,96,203,11,27,30,4,60,198,5,50,31,54,25,15,33,1,1
38,315,26,57,117,225,11,20,90,14,52,238,28,43,44,37,6,1,29,1,1
52,257,16,41,42,69,15,46,53,20,75,258,14,15,13,75,4,8,40,0,1
36,16,134,85,69,35,21,13,139,46,65,58,39,6,31,16,6,10,1,1,1
65,137,128,26,98,39,9,47,111,37,65,346,30,15,71,10,24,10,2,1,1
16,122,28,70,78,62,11,14,131,3,60,269,5,50,31,29,1,10,31,1,1
21,184,4,81,70,214,11,20,90,11,65,148,6,17,73,72,4,7,1,1,1
64,65,20,73,154,34,11,14,191,3,13,62,27,45,18,72,14,5,15,1,1
46,50,77,61,64,211,9,18,149,7,12,259,31,73,46,35,24,8,7,0,1
38,94,85,16,71,281,11,36,242,20,6,118,5,7,71,12,11,12,8,0,1
19,24,49,41,33,174,7,47,91,43,18,361,30,6,46,6,11,12,24,0,1
19,36,131,31,64,51,7,5,212,41,55,241,5,60,20,42,14,8,36,0,1
55,203,75,31,33,80,11,18,90,37,56,301,30,27,81,57,4,10,8,1,1
4,142,124,31,106,146,11,20,60,29,54,63,1,30,32,41,19,15,5,1,1
34,218,84,46,33,85,11,18,90,11,18,218,27,19,47,4,4,26,7,1,1
14,111,77,69,64,267,3,43,74,58,60,326,14,56,49,35,24,10,8,0,1
12,133,77,41,15,283,9,37,95,20,6,356,30,66,24,8,4,10,40,1,1
53,133,86,10,149,177,11,18,90,53,75,74,31,14,25,16,4,8,7,1,1
15,25,17,10,106,22,15,8,16,42,68,134,14,11,49,7,18,10,40,0,1
12,291,168,29,60,53,11,18,108,42,12,117,23,56,55,27,24,10,40,1,1
42,300,63,20,84,27,11,20,90,42,68,350,39,14,46,4,8,8,5,1,1
45,251,86,10,33,196,7,47,50,42,9,99,23,11,3,37,14,10,5,0,1
36,251,25,29,131,148,11,20,90,53,50,246,15,73,74,4,10,10,7,0,1
34,251,73,69,22,177,9,27,54,7,12,334,39,11,81,41,8,10,28,0,1
31,45,186,12,121,133,9,27,106,41,12,34,5,11,25,41,18,8,7,0,1
32,45,25,21,60,61,9,27,93,42,9,62,30,66,24,4,8,10,28,0,1
51,227,72,20,144,159,7,9,91,15,54,327,30,54,55,9,8,12,19,0,1
19,87,100,48,84,243,13,5,157,29,54,58,23,56,55,4,10,12,19,0,1
29,119,100,43,30,53,11,20,90,20,5,134,31,66,25,4,10,10,28,0,1
8,308,69,43,115,75,11,18,90,15,54,347,5,54,100,72,14,8,19,0,1
35,248,150,13,27,70,9,37,224,29,54,326,10,54,54,41,10,12,28,0,1
23,305,39,30,95,42,11,18,120,30,53,51,28,2,33,74,16,1,9,1,1
46,311,86,21,111,134,15,46,134,7,25,269,30,14,25,9,24,10,36,0,1
18,101,159,30,110,34,7,37,73,9,22,240,26,39,88,40,25,6,9,1,1
16,244,78,35,103,107,1,52,107,56,58,129,7,65,10,74,5,8,20,0,1
65,79,154,49,101,190,18,28,198,52,43,350,7,0,82,27,6,15,16,1,1
65,14,19,34,25,256,11,14,116,10,6,143,6,30,94,14,7,8,4,1,1
66,85,167,58,113,120,11,20,90,6,74,190,34,35,27,4,4,22,15,1,1
1,262,38,67,105,23,9,36,211,39,57,31,35,19,47,7,11,15,35,1,1
65,209,103,22,78,260,9,36,230,49,65,7,31,62,53,76,25,8,33,0,1
65,209,103,22,78,260,9,36,230,49,65,7,31,62,53,76,25,8,33,1,1
33,54,135,43,52,14,9,5,191,42,12,311,10,66,55,55,19,10,5,0,1
33,54,135,43,52,14,9,5,191,42,12,311,10,66,55,55,19,10,5,1,1
65,209,92,35,105,256,11,14,108,52,8,61,6,65,38,2,5,19,10,1,1
1,173,68,8,104,271,11,20,90,37,8,289,38,43,45,0,4,25,8,1,1
15,148,121,68,153,229,15,41,147,11,60,52,31,15,15,75,6,10,16,1,1
69,144,64,57,21,148,11,36,36,23,8,176,15,6,20,70,18,8,16,0,1
66,219,56,42,47,100,13,53,126,46,65,104,2,22,26,8,19,15,31,1,1
54,5,19,58,128,89,9,27,31,16,21,263,27,65,76,7,4,15,15,1,1
40,8,116,26,154,211,11,18,90,4,8,193,11,43,7,72,4,2,15,0,1
69,184,19,81,17,203,9,27,161,3,13,325,31,7,71,62,14,10,40,0,1
65,118,183,26,128,173,9,36,78,20,6,207,39,6,74,6,6,10,2,1,1
0,154,68,33,129,53,13,53,16,46,65,345,39,6,74,17,19,10,2,0,1
48,286,149,33,91,190,11,18,90,3,62,255,35,44,4,72,8,15,24,0,1
7,286,128,58,154,97,11,20,90,53,75,3,36,72,83,9,14,15,36,1,1
18,286,116,26,155,162,11,20,90,11,0,105,0,72,14,4,19,18,40,1,1
1,298,153,8,117,2,7,9,165,10,6,381,35,50,82,42,4,15,15,0,1
46,50,84,58,28,180,11,18,90,20,6,288,35,23,73,41,4,19,7,1,1
13,276,20,73,71,195,11,14,93,58,62,204,30,7,46,6,24,8,16,0,1
32,104,112,81,57,23,3,22,31,37,65,190,39,50,20,0,18,10,40,1,1
0,136,16,61,15,180,11,20,90,20,50,79,7,65,32,41,8,8,40,0,1
0,250,131,10,15,243,9,37,135,58,6,308,23,14,100,62,19,10,15,0,1
19,6,68,70,129,166,11,27,224,58,60,169,1,27,31,42,4,8,7,0,1
35,142,131,61,112,229,11,20,90,41,12,250,7,11,13,24,18,12,7,1,1
18,153,187,69,156,262,11,18,161,7,25,144,7,7,74,37,19,8,19,1,1
68,153,23,34,129,97,11,18,160,49,34,37,2,6,67,41,14,10,1,1,1
54,22,100,1,55,71,9,27,120,29,54,245,10,19,53,42,19,8,19,0,1
34,161,55,12,111,263,11,18,90,10,5,14,43,55,10,37,8,18,7,1,1
7,32,40,41,15,264,9,14,88,53,75,151,10,14,24,17,19,10,36,0,1
47,198,124,69,156,200,11,18,90,3,30,326,7,10,94,65,14,15,36,0,1
16,198,17,41,72,23,11,18,90,7,25,252,30,66,24,12,18,8,1,1,1
53,111,86,10,72,283,11,20,90,7,68,186,23,56,55,57,19,10,7,0,1
16,111,73,21,149,258,11,20,90,20,6,164,30,14,25,24,14,10,7,0,1
24,42,187,21,22,207,13,9,213,7,9,64,10,56,55,57,19,12,5,1,1
13,313,151,20,60,168,13,47,149,42,68,68,39,66,13,37,14,12,28,0,1
63,61,50,10,156,178,11,20,145,53,5,218,7,15,20,4,8,10,7,1,1
16,146,17,41,33,35,9,27,31,42,68,93,31,56,100,72,14,8,28,0,1
52,22,151,69,44,228,11,20,90,41,12,371,7,7,74,9,10,10,36,0,1
36,146,40,31,15,148,11,20,90,42,75,193,39,10,82,72,10,26,7,1,1
12,46,142,64,112,25,9,36,235,7,68,348,30,27,81,37,8,12,40,1,1
63,45,25,20,107,44,11,20,90,7,25,38,7,7,15,65,8,26,19,1,1
20,256,151,21,107,276,11,20,90,42,68,351,39,73,71,72,10,18,5,0,1
59,52,100,1,35,246,7,5,147,29,9,192,7,73,71,9,18,15,19,1,1
19,47,168,29,52,92,11,20,145,41,55,265,7,7,74,4,8,15,28,1,1
63,135,150,13,27,149,11,20,90,15,54,232,7,66,46,23,10,10,14,0,1
59,187,87,13,158,117,11,20,90,42,55,64,31,11,25,65,10,10,14,1,1
65,264,24,80,97,36,11,20,90,1,45,151,19,8,17,21,22,21,39,1,1
56,237,86,21,118,70,16,0,2,42,25,302,23,7,13,72,14,10,11,0,1
23,177,12,45,19,144,13,1,68,17,7,32,39,33,70,45,0,10,21,0,1
23,177,12,45,19,144,13,1,68,17,7,32,39,33,70,45,0,10,21,1,1
65,265,126,24,5,227,11,18,90,16,7,224,28,24,93,17,1,26,0,1,1
65,284,165,11,103,247,13,53,243,10,13,116,39,19,37,58,13,15,33,1,1
66,4,78,39,0,219,9,36,135,32,73,171,15,62,92,13,20,10,26,1,1
21,181,59,62,36,195,11,18,90,47,11,234,11,5,30,16,6,26,2,1,1
64,190,88,49,1,148,7,19,48,4,30,313,6,43,39,8,11,15,31,1,1
64,190,88,49,1,148,7,19,48,4,30,313,6,43,39,8,11,15,31,0,1
12,296,111,86,141,4,15,22,247,11,30,93,7,19,10,76,13,15,4,1,1
66,294,160,14,132,212,11,18,178,16,21,125,18,0,5,57,4,8,24,1,1
65,125,71,22,57,67,9,36,87,43,43,146,7,10,98,8,11,18,35,1,1
12,111,17,41,118,259,11,27,211,7,5,161,15,19,82,4,8,18,27,0,1
66,194,169,35,99,219,11,14,140,16,44,55,6,32,70,35,6,18,33,1,1
65,37,71,66,34,105,11,20,90,38,44,196,0,32,72,16,19,26,24,1,1
66,207,18,3,23,254,2,11,174,3,50,123,30,6,35,70,24,12,31,1,1
4,160,163,78,91,20,11,14,211,11,65,55,1,6,85,41,4,8,36,0,1
65,112,26,57,122,197,9,37,120,49,74,193,6,51,18,0,24,26,16,1,1
46,261,101,78,28,137,11,20,90,4,62,326,35,65,47,24,18,8,1,0,1
20,88,114,8,91,215,11,18,90,49,8,320,1,19,98,37,18,15,15,1,1
55,122,103,34,34,89,11,20,90,16,36,190,20,51,23,41,14,8,36,0,1
23,201,156,34,34,55,11,14,90,23,8,207,5,15,74,35,24,8,2,1,1
25,182,138,21,149,233,7,37,25,53,75,276,1,22,47,65,8,18,27,0,1
66,213,20,73,128,188,11,18,145,20,75,205,10,73,81,70,4,10,40,1,1
68,167,133,64,112,282,11,20,90,20,50,160,35,10,66,72,18,18,1,1,1
66,225,41,78,28,137,11,18,160,37,18,51,32,45,4,4,4,11,8,1,1
2,36,116,16,128,216,11,20,90,58,30,245,43,55,10,42,8,8,7,1,1
61,255,75,26,42,107,9,37,108,41,9,351,10,73,25,57,14,10,7,0,1
46,205,16,61,63,28,11,27,227,20,30,122,27,62,98,72,18,10,7,1,1
44,203,77,31,127,198,11,18,161,20,50,53,39,50,20,41,4,8,28,0,1
41,218,97,12,111,236,11,20,90,16,52,247,43,73,20,37,19,10,2,1,1
69,260,109,49,153,254,5,35,176,24,58,363,27,18,80,68,23,5,3,0,1
64,32,50,10,72,131,7,47,44,42,68,335,10,11,49,66,14,12,1,0,1
32,198,131,69,48,167,7,9,144,4,62,80,10,66,3,8,19,10,24,0,1
15,42,187,21,61,243,11,14,54,7,25,218,10,11,3,70,19,12,1,1,1
36,61,135,1,52,192,11,20,90,15,40,159,43,55,82,9,8,15,27,0,1
12,61,34,64,64,265,9,27,139,4,56,229,5,27,46,0,4,12,7,0,1
6,146,49,16,48,52,11,36,227,10,75,77,5,27,46,17,10,12,7,0,1
6,146,49,16,48,52,11,36,227,10,75,77,5,27,46,17,10,12,7,1,1
65,166,68,27,42,118,11,20,90,46,36,172,0,68,52,42,24,5,8,0,1
65,166,68,27,42,118,11,20,90,46,36,172,0,68,52,42,24,5,8,1,1
22,15,63,29,118,101,13,19,43,29,54,135,23,66,100,24,18,10,7,1,1
35,189,16,31,72,27,11,18,90,3,56,315,5,14,13,41,19,8,36,0,1
26,291,151,29,84,237,11,18,90,20,13,83,10,27,25,55,4,10,5,1,1
26,291,151,29,84,237,11,18,90,20,13,83,10,27,25,55,4,10,5,1,1
26,291,151,29,84,237,11,18,90,20,13,83,10,27,25,55,4,10,5,0,1
57,204,145,49,81,244,11,20,90,56,53,282,28,40,19,35,25,6,0,1,1
57,204,145,49,81,244,11,20,90,56,53,282,28,40,19,35,25,6,0,1,1
57,204,145,49,81,244,11,20,90,56,53,282,28,40,19,35,25,6,0,0,1
52,91,50,10,15,133,15,33,205,15,40,232,30,54,55,41,14,8,7,1,1
52,91,50,10,15,133,15,33,205,15,40,232,30,54,55,41,14,8,7,1,1
52,91,50,10,15,133,15,33,205,15,40,232,30,54,55,41,14,8,7,0,1
42,134,142,12,106,219,11,18,90,20,60,8,6,7,67,72,8,10,15,0,1
69,75,37,83,31,53,12,12,244,46,30,13,31,51,94,33,4,10,35,0,1
9,103,60,43,52,196,9,36,161,41,68,315,30,14,25,72,14,10,27,0,1
63,45,72,29,60,78,9,14,120,42,9,119,31,27,81,4,8,10,5,1,1
19,179,135,48,73,280,11,20,90,29,55,194,39,50,20,23,8,15,5,1,1
31,135,138,69,156,10,9,27,31,42,55,217,23,54,49,4,8,8,5,0,1
38,195,51,82,30,76,11,18,160,29,54,290,10,54,54,62,14,12,28,0,1
62,149,91,6,13,230,11,20,90,19,40,159,10,27,24,23,10,15,14,0,1
35,248,60,47,115,87,9,14,44,53,12,186,10,54,54,4,10,12,5,0,1
62,193,100,1,131,145,11,14,161,41,9,276,5,56,24,25,10,18,19,0,1
23,158,82,7,119,24,15,1,212,40,2,62,9,57,52,76,25,8,32,1,1
66,267,53,23,97,224,11,27,6,32,49,100,38,43,45,30,23,7,18,1,1
21,115,148,83,142,203,10,30,13,57,73,338,31,48,40,31,13,19,18,0,1
23,277,181,5,6,44,10,0,97,57,31,96,5,10,10,71,21,19,10,1,1
23,180,148,45,20,190,9,37,91,43,51,168,1,10,76,19,20,15,39,1,1
65,180,11,36,146,55,11,18,90,24,3,208,8,31,84,8,21,5,20,1,1
20,274,48,9,41,29,5,29,117,0,34,157,43,60,92,66,11,15,31,1,1
65,34,56,57,146,155,11,14,90,11,30,99,35,72,39,20,11,15,12,1,1
1,200,121,55,9,184,5,15,74,38,44,352,24,44,14,27,5,7,20,1,1
57,9,11,40,142,10,9,27,92,49,20,275,1,10,47,69,7,10,23,1,1
23,215,166,67,157,248,15,22,128,16,74,269,5,65,37,10,1,10,12,1,1
65,18,64,85,124,182,2,32,1,37,62,118,5,10,82,24,4,8,2,0,1
34,294,56,42,132,203,16,41,214,37,51,136,1,23,70,52,2,15,15,1,1
46,258,156,81,17,246,11,18,161,52,46,140,0,72,14,12,24,19,35,0,1
16,194,92,84,59,256,22,29,101,14,34,135,15,10,98,62,4,15,8,0,1
57,226,46,78,71,99,11,14,90,37,56,301,31,62,53,36,1,10,16,0,1
35,28,84,26,154,211,11,14,108,23,20,278,2,15,92,1,2,10,12,0,1
6,171,4,70,51,37,11,18,90,46,21,162,32,23,77,24,25,15,2,0,1
21,5,167,81,139,27,9,27,87,3,13,233,5,60,20,28,6,8,40,1,1
3,8,137,85,100,34,9,37,106,7,12,276,23,6,46,2,6,10,33,0,1
66,157,117,42,133,216,9,27,172,38,52,120,27,55,38,24,4,10,33,0,1
21,271,169,84,122,150,9,37,247,47,27,195,6,73,85,35,19,10,16,1,1
57,201,20,78,109,260,11,20,90,42,12,323,1,6,85,16,19,18,27,1,1
66,201,71,66,25,34,7,47,209,0,15,269,5,15,31,54,2,12,29,1,1
65,40,34,64,121,246,21,46,204,53,12,39,10,27,24,2,6,12,7,1,1
14,245,85,12,155,61,11,20,90,46,21,242,7,15,20,0,24,10,24,0,1
6,24,128,64,33,277,11,20,90,43,34,14,35,0,66,4,8,8,36,0,1
53,276,49,16,48,55,11,20,90,53,6,374,2,19,38,41,18,10,36,1,1
35,256,69,43,58,159,11,20,90,29,54,276,39,6,74,65,10,10,19,1,1
19,257,152,12,64,169,11,20,90,3,30,282,5,30,53,42,18,15,15,0,1
20,182,16,31,127,95,11,20,90,3,60,41,5,19,32,65,10,15,15,1,1
34,297,152,26,113,187,11,18,90,10,0,287,18,0,5,16,18,10,15,1,1
0,242,77,61,61,47,11,18,161,7,75,315,43,7,20,4,14,19,5,1,1
65,146,132,13,58,125,11,14,227,53,25,81,23,14,24,28,14,10,1,1,1
10,15,100,48,131,79,7,5,146,29,54,8,14,54,16,40,19,10,40,0,1
13,15,151,29,60,51,11,18,160,53,25,58,23,11,3,66,19,8,8,0,1
35,189,77,10,44,264,13,47,25,20,50,210,30,66,24,42,4,10,1,1,1
0,300,72,29,115,117,11,20,90,7,75,131,15,60,67,23,14,7,28,1,1
32,134,50,10,22,99,11,20,90,10,6,214,31,66,81,9,19,8,28,0,1
26,211,187,10,22,219,11,20,90,41,68,159,7,62,37,72,14,15,28,1,1
19,228,100,1,84,200,9,37,161,29,40,119,23,66,3,35,19,10,36,1,1
36,17,186,12,64,192,11,14,215,42,68,113,31,14,81,9,14,10,28,1,1
54,312,40,41,156,249,11,27,215,10,75,340,31,11,24,72,18,10,27,1,1
54,312,40,41,156,249,11,27,215,10,75,340,31,11,24,72,18,10,27,0,1
9,313,138,29,60,28,9,14,228,11,18,126,43,6,53,42,24,18,2,1,1
9,313,138,29,60,28,9,14,228,11,18,126,43,6,53,42,24,18,2,0,1
14,116,116,16,71,207,15,43,183,7,75,305,23,30,15,42,25,18,1,0,1
64,173,106,46,128,263,10,4,251,53,25,288,15,22,38,0,24,8,7,0,1
55,45,168,48,52,283,11,18,90,10,5,266,39,11,81,41,14,12,28,0,1
33,45,72,29,60,68,11,14,50,7,75,335,10,54,54,7,14,10,15,1,1
51,52,138,10,55,105,11,18,31,42,68,227,5,11,24,72,14,10,36,0,1
61,52,69,43,115,104,11,14,178,15,54,284,23,38,54,55,19,10,27,1,1
31,114,135,43,35,220,9,27,106,42,9,345,23,38,49,16,14,10,7,0,1
19,195,100,43,73,270,11,20,90,53,25,120,30,73,13,65,8,12,28,1,1
5,249,125,1,52,42,11,20,90,53,5,153,31,56,100,65,8,10,19,1,1
65,223,88,53,81,248,15,41,69,31,36,213,35,59,83,43,15,10,39,1,1
2,254,148,55,141,6,7,5,228,17,44,149,39,30,85,69,21,10,26,1,1
40,173,19,70,129,216,13,1,179,58,30,18,5,19,37,29,4,15,40,0,1
46,138,62,68,134,27,11,20,90,38,7,286,28,53,27,62,1,19,4,1,1
15,175,96,40,0,148,7,5,213,0,20,249,43,51,47,14,22,10,20,1,1
36,9,44,34,132,281,9,36,106,3,13,58,2,33,77,66,11,18,29,1,1
31,33,43,2,76,49,15,43,118,37,65,196,18,55,47,55,6,5,29,1,1
31,33,43,2,76,49,15,43,118,37,65,196,18,55,47,55,6,5,29,1,1
65,188,166,35,122,37,11,18,106,38,73,373,9,28,90,24,24,22,33,1,1
21,38,144,42,78,247,9,27,172,6,34,295,31,65,67,53,5,15,29,1,1
66,173,83,85,139,37,11,20,90,37,8,6,38,48,69,16,4,26,1,1,1
65,27,160,3,37,277,21,0,39,43,20,306,2,6,85,27,24,8,2,1,1
2,27,146,57,66,200,7,47,83,0,15,257,43,15,85,57,11,18,35,1,1
41,37,56,3,37,250,11,14,90,11,34,59,35,45,97,17,24,19,16,1,1
44,258,156,27,139,80,5,34,82,52,20,364,39,52,5,27,19,7,7,0,1
23,76,54,66,143,129,9,27,159,11,8,254,35,22,18,12,1,26,33,1,1
65,121,134,85,139,183,9,36,212,0,21,47,27,32,97,62,6,7,8,1,1
23,144,49,16,104,62,11,14,54,53,25,382,30,15,71,34,13,12,8,1,1
48,219,112,85,17,100,11,20,90,52,21,282,2,52,73,7,24,15,24,1,1
14,222,34,12,63,258,15,1,25,4,62,282,14,73,24,63,25,10,40,0,1
59,118,84,46,113,236,11,20,90,37,30,50,35,52,77,42,14,10,15,1,1
20,236,20,16,128,192,11,20,90,37,18,176,39,10,82,0,19,11,16,0,1
23,124,124,10,60,3,11,20,90,20,50,280,6,0,47,9,18,15,36,1,1
40,311,63,20,127,213,9,36,147,41,9,146,23,66,100,75,14,10,40,0,1
33,6,116,73,71,195,11,18,90,10,5,190,10,54,54,17,18,12,40,0,1
69,230,190,61,44,123,11,14,131,53,25,198,39,15,31,37,14,5,7,1,1
29,146,40,31,15,42,9,27,106,53,68,256,14,11,49,35,10,10,5,0,1
46,46,187,21,144,270,11,20,90,53,13,284,6,15,37,72,8,15,5,1,1
44,291,168,20,84,215,11,20,90,41,9,275,23,54,49,55,4,12,15,0,1
22,134,125,29,144,200,11,14,90,41,55,62,14,56,54,21,18,12,15,0,1
33,134,142,12,111,282,11,18,90,10,6,252,5,66,81,9,14,15,5,1,1
22,263,51,13,45,30,11,20,90,15,54,371,31,15,74,72,8,15,28,0,1
5,47,135,43,115,228,11,20,90,42,68,326,5,7,71,9,10,15,5,0,1
35,316,150,13,126,145,9,14,44,15,54,315,14,38,95,41,8,12,28,1,1
42,319,149,78,129,210,16,8,151,53,75,334,30,50,15,22,19,8,15,0,1
12,135,132,13,114,121,11,20,90,7,75,373,23,66,100,4,14,10,27,0,1
65,306,107,37,49,44,7,1,192,50,29,169,0,23,83,64,15,27,34,1,1
65,97,33,38,150,24,3,43,39,17,49,207,9,13,79,51,1,8,17,1,1
21,309,127,55,8,188,11,20,90,24,3,269,25,58,27,57,24,0,33,1,1
21,177,154,49,103,15,11,20,90,5,3,164,38,13,60,10,4,7,39,1,1
57,269,116,26,112,27,11,18,90,4,18,33,27,33,72,5,20,5,4,1,1
24,296,43,86,116,183,11,18,90,0,21,261,36,33,23,16,24,26,1,1,1
68,322,115,15,76,36,11,20,90,39,37,311,4,23,96,55,4,5,25,0,1
48,272,144,57,132,147,9,37,50,43,15,4,36,52,72,52,13,18,16,1,1
21,159,97,73,51,201,21,15,205,7,12,129,31,60,31,37,11,10,19,0,1
21,117,134,22,37,44,11,18,106,23,8,98,38,23,72,62,4,7,1,1,1
64,76,64,42,133,192,7,47,161,52,34,346,15,7,31,21,2,15,33,1,1
66,121,161,36,40,216,7,5,165,52,51,306,39,50,20,51,6,12,31,1,1
12,160,153,8,17,197,11,20,90,58,62,101,18,43,96,16,18,26,33,1,1
21,5,116,26,48,147,7,37,127,4,60,247,31,55,85,60,11,10,35,1,1
20,69,93,85,129,34,11,20,213,11,65,330,28,63,91,37,6,1,24,1,1
15,271,68,33,139,264,13,53,214,37,62,58,31,15,71,71,4,10,16,1,1
65,102,116,26,44,54,11,20,90,11,0,136,6,22,66,37,19,22,15,1,1
16,253,54,42,57,99,11,18,50,58,30,37,1,10,76,17,14,18,15,1,1
24,65,118,27,63,252,11,20,90,11,56,196,35,44,73,9,19,19,24,1,1
64,236,41,8,71,95,11,20,90,58,30,354,0,10,4,37,19,5,2,1,1
24,94,118,78,109,177,11,14,196,23,8,237,1,51,26,62,14,8,40,1,1
64,276,34,64,155,52,11,20,90,37,8,105,1,51,26,9,14,18,1,1,1
41,107,55,41,156,144,11,20,90,37,0,127,1,65,82,42,4,8,36,1,1
15,104,75,26,113,80,9,36,161,42,68,48,43,30,37,8,4,15,15,0,1
6,145,122,26,112,52,11,20,90,37,0,171,2,22,47,72,14,15,2,1,1
6,36,49,26,42,229,9,27,33,10,75,241,5,73,35,16,24,15,7,0,1
0,36,190,61,61,208,11,20,90,53,6,124,1,22,26,72,14,10,15,1,1
16,311,128,16,113,256,9,27,143,4,62,251,39,73,71,62,18,10,15,0,1
44,205,20,58,48,16,11,20,90,10,13,311,2,62,82,24,14,19,40,1,1
69,271,4,8,14,31,11,20,90,49,46,6,27,52,28,0,24,7,1,0,1
0,234,58,58,98,23,13,9,1,10,75,17,39,73,71,37,18,10,15,1,1
31,32,40,31,64,78,11,20,90,42,60,225,43,65,82,9,8,8,1,0,1
36,32,138,10,106,53,9,14,213,42,68,350,23,56,55,24,4,10,36,0,1
44,237,49,64,113,20,11,36,188,3,13,188,5,11,25,9,14,10,7,1,1
42,182,190,26,64,55,11,18,90,15,40,305,39,73,71,41,8,8,27,0,1
15,146,183,16,154,187,13,19,59,41,9,135,30,66,25,0,18,10,36,1,1
26,291,40,31,72,24,11,20,90,53,75,113,5,14,46,37,14,15,5,1,1
5,134,187,21,127,217,11,20,90,53,25,350,5,66,13,16,14,12,5,0,1
0,228,17,10,118,161,11,20,90,20,5,168,5,15,74,72,10,10,5,1,1
61,227,86,21,156,75,9,27,106,58,60,289,23,66,100,42,14,10,7,0,1
10,42,42,48,114,44,11,20,90,7,75,312,39,60,53,4,10,5,5,0,1
34,114,155,1,144,87,7,9,123,29,55,381,14,56,54,41,8,12,28,0,1
12,186,76,38,123,270,11,18,90,8,14,189,24,69,41,21,1,0,32,0,1
65,147,140,9,65,99,11,18,106,39,11,171,19,64,86,52,2,19,26,1,1
66,98,129,68,19,123,11,20,90,38,3,277,0,20,36,63,5,19,32,1,1
66,34,12,18,81,165,11,20,90,14,15,169,28,67,6,24,18,19,12,1,1
23,217,126,36,146,99,11,20,213,12,57,168,9,36,21,24,6,14,29,1,1
46,296,22,11,103,129,9,37,53,47,70,44,7,15,20,57,5,18,24,1,1
66,41,21,55,145,24,9,27,24,23,15,270,1,50,37,21,6,10,35,1,1
65,59,47,22,96,212,9,14,96,16,15,206,39,66,46,64,6,10,35,1,1
65,253,106,16,154,187,11,20,90,43,51,226,27,17,4,16,19,19,1,0,1
64,125,146,57,25,5,11,20,90,16,7,3,42,37,29,55,11,18,12,1,1
65,197,147,34,139,67,11,20,90,52,74,26,0,48,44,37,19,7,24,1,1
40,144,4,85,100,282,11,14,50,11,62,81,9,40,56,17,19,5,8,0,1
21,192,134,34,70,113,11,20,90,0,36,140,2,23,70,16,11,19,35,1,1
65,172,46,78,113,191,11,18,160,4,18,95,9,23,39,37,4,5,2,1,1
57,16,133,12,111,177,11,20,90,4,20,9,18,45,40,41,18,10,2,1,1
16,303,83,34,129,33,11,18,90,37,8,377,36,32,4,4,19,10,1,1,1
23,176,158,78,28,60,11,18,93,17,7,163,23,6,35,1,25,10,10,1,1
23,298,167,27,70,270,7,37,123,23,18,198,30,73,46,70,25,12,8,1,1
52,303,28,27,139,217,3,0,123,58,62,323,1,10,76,9,19,19,2,0,1
57,118,183,26,48,184,13,19,158,7,75,95,23,30,74,63,11,10,24,0,1
48,236,133,12,111,124,11,18,46,58,30,299,2,65,98,16,25,7,2,0,1
1,50,128,46,63,212,9,37,91,58,6,163,5,6,71,18,11,12,24,0,1
21,94,34,26,14,180,11,20,90,4,30,121,27,43,72,41,14,18,8,1,1
24,92,34,46,109,122,11,27,78,53,6,199,39,27,71,0,18,10,15,0,1
16,92,77,12,118,225,11,20,90,7,13,5,27,51,18,4,8,15,15,0,1
16,92,77,12,118,225,11,20,90,7,13,5,27,51,18,4,8,15,15,0,1
10,22,25,69,35,245,11,20,90,29,12,87,15,65,10,4,18,18,27,0,1
41,240,49,46,121,249,11,18,90,53,12,191,5,27,46,42,14,10,15,0,1
64,71,142,61,48,243,21,15,1,41,55,134,10,50,35,0,18,8,5,0,1
42,182,17,61,64,264,9,27,106,29,54,305,14,27,100,8,18,10,1,0,1
42,297,50,41,155,152,11,14,178,41,12,349,23,54,49,35,6,10,15,0,1
16,313,16,31,44,44,11,18,90,4,30,98,10,14,100,17,18,10,36,1,1
46,54,17,69,127,237,11,20,145,3,65,147,39,14,46,27,6,15,15,1,1
9,300,142,12,64,193,11,18,106,20,25,358,30,11,100,0,18,10,5,1,1
35,263,86,10,107,194,11,20,90,53,75,326,30,66,24,65,10,8,28,0,1
9,263,73,29,22,68,11,18,161,3,6,15,10,11,55,17,14,10,15,1,1
38,191,73,69,156,281,11,20,90,7,12,157,7,15,31,4,10,8,7,1,1
20,65,25,29,72,255,15,33,176,41,9,79,23,7,13,29,11,10,2,0,1
65,206,66,56,7,165,9,5,47,35,47,165,9,12,19,39,17,7,3,1,1
21,115,121,55,145,215,11,18,90,33,63,223,38,10,97,75,2,10,20,1,1
1,7,160,60,96,47,11,20,90,0,52,143,12,4,29,6,24,9,12,1,1
65,252,22,11,152,95,11,18,160,36,69,182,21,37,29,57,2,27,20,1,1
65,83,92,86,66,144,9,36,161,38,52,271,11,58,1,27,6,7,2,1,1
21,2,64,22,133,195,9,27,106,43,0,307,30,62,20,19,5,10,0,1,1
23,293,102,35,66,151,11,20,90,37,56,382,9,68,44,9,19,1,31,1,1
65,239,37,19,146,32,11,20,90,32,10,35,11,12,75,7,18,19,12,1,1
65,44,117,60,146,34,11,18,50,46,8,141,4,64,22,72,18,5,8,1,1
20,100,167,70,98,209,11,20,90,11,56,362,36,5,14,37,4,18,1,1,1
23,131,144,14,37,224,9,18,63,23,0,313,35,65,47,18,13,15,0,1,1
48,28,117,42,125,194,11,20,90,38,59,209,38,33,45,24,8,18,31,1,1
48,207,170,81,51,276,11,18,90,16,49,94,32,43,45,27,4,7,29,1,1
48,207,170,81,51,276,11,18,90,16,49,94,32,43,45,27,4,7,29,0,1
48,207,170,81,51,276,11,18,90,16,49,94,32,43,45,27,4,7,29,0,1
50,304,17,69,112,58,21,0,158,41,12,159,23,7,13,7,4,8,40,1,1
50,304,17,69,112,58,21,0,158,41,12,159,23,7,13,7,4,8,40,0,1
50,304,17,69,112,58,21,0,158,41,12,159,23,7,13,7,4,8,40,0,1
55,159,58,58,28,147,11,20,90,3,13,28,2,55,94,35,18,10,8,1,1
65,8,118,33,70,263,11,18,90,37,0,167,32,62,26,57,24,10,24,1,1
0,8,156,34,91,225,11,18,213,23,0,135,6,45,5,62,19,6,33,1,1
48,69,167,8,85,272,13,19,119,11,62,356,31,50,74,75,25,10,24,1,1
20,69,137,8,82,215,11,20,90,4,34,107,27,52,28,9,19,19,35,1,1
65,271,20,64,64,144,11,18,93,49,51,51,23,73,81,34,5,10,29,1,1
18,253,167,8,125,236,9,27,8,37,62,62,31,73,46,55,4,8,1,0,1
18,122,55,12,111,263,11,14,54,53,75,143,31,15,15,63,25,8,8,0,1
34,122,128,16,14,224,11,20,90,4,20,264,18,43,96,4,18,15,2,1,1
18,65,85,46,63,186,11,20,90,53,75,182,2,45,66,9,8,8,40,0,1
35,48,58,73,104,159,11,18,145,3,50,271,1,50,67,0,14,8,15,1,1
48,276,183,64,111,162,11,18,90,3,30,238,43,51,76,62,18,8,8,1,1
15,136,17,31,55,21,11,20,90,42,6,321,43,32,66,42,19,7,15,0,1
44,178,85,64,63,262,11,18,90,4,62,227,7,15,20,7,14,8,8,0,1
64,203,101,73,128,186,11,20,90,46,51,4,2,50,32,42,4,18,15,1,1
10,156,87,13,58,114,11,20,90,41,68,72,43,0,98,72,8,7,7,0,1
26,6,73,21,107,55,11,20,90,10,5,68,39,62,92,9,8,19,2,1,1
53,161,20,73,113,123,11,20,90,58,13,186,39,27,35,72,19,10,2,1,1
68,22,77,61,63,152,11,18,50,7,12,336,30,11,100,7,19,10,1,0,1
41,111,40,10,44,197,11,18,161,58,50,176,7,6,31,72,8,8,7,0,1
19,240,40,31,15,227,11,20,90,42,68,350,7,14,35,37,8,8,5,0,1
26,54,86,41,155,228,11,20,90,42,25,150,39,27,35,72,18,10,36,0,1
44,81,138,69,106,149,11,18,90,53,25,290,5,66,81,0,19,8,5,1,1
19,25,142,12,33,250,11,20,90,10,13,89,5,14,13,4,8,15,36,0,1
13,273,190,41,155,152,11,20,90,3,30,375,10,54,54,72,19,10,36,0,1
45,233,73,69,44,149,9,9,211,42,68,276,14,54,16,17,8,12,36,1,1
61,233,42,1,84,283,11,20,90,29,9,380,5,14,13,41,8,10,27,0,1
59,191,150,13,126,173,11,20,90,29,55,159,31,60,74,4,8,15,27,0,1
59,114,138,69,61,203,9,27,63,42,12,139,30,56,3,37,10,10,7,0,1
45,220,36,43,30,22,11,18,90,41,54,133,10,38,54,37,10,12,28,1,1
65,317,184,50,92,138,11,20,161,5,38,218,26,1,68,21,6,17,23,1,1
66,190,38,71,93,249,11,14,54,16,52,54,27,53,34,12,11,7,10,1,1
21,20,170,66,25,33,11,20,90,43,43,226,7,62,92,61,21,8,32,1,1
23,39,74,86,116,112,11,18,161,16,36,240,4,5,44,40,24,26,31,1,1
63,178,190,41,14,49,13,53,133,10,13,126,15,19,94,4,18,10,15,1,1
65,85,96,83,75,274,9,36,162,25,7,170,36,22,97,66,5,10,33,1,1
66,31,134,3,96,120,11,20,90,3,50,84,27,28,44,27,19,22,8,1,1
66,221,80,19,103,237,13,19,229,43,0,99,39,6,74,57,14,8,24,1,1
66,59,117,85,129,275,11,18,160,57,73,163,15,55,32,54,13,18,0,1,1
21,140,128,73,63,123,11,20,90,20,60,220,4,40,80,0,18,20,24,1,1
18,183,102,67,99,156,9,37,143,46,65,198,39,60,53,52,1,15,16,1,1
65,226,79,14,94,34,9,37,131,37,56,47,35,22,18,35,6,19,15,0,1
65,76,84,58,109,61,11,27,231,10,6,140,5,60,20,63,2,15,24,1,1
23,21,114,27,71,72,11,18,161,43,8,138,6,32,18,17,24,19,8,1,1
21,102,147,66,96,274,13,1,79,46,65,180,31,73,46,40,24,10,24,0,1
56,151,187,21,55,25,11,20,90,53,75,18,2,17,40,65,8,26,5,0,1
7,185,68,81,129,169,9,37,45,20,75,217,23,27,25,59,18,12,1,1,1
65,301,83,85,117,73,11,20,161,46,0,98,27,60,82,57,5,15,31,1,1
55,184,163,33,18,260,11,14,46,3,60,196,7,15,20,8,6,10,40,0,1
65,286,54,33,139,211,11,14,83,31,36,200,15,7,31,18,13,8,25,1,1
48,213,190,10,118,229,11,14,178,37,56,247,30,6,35,36,2,10,24,0,1
15,62,23,42,4,177,7,36,26,11,56,146,18,0,5,42,4,10,2,1,1
20,310,101,58,104,23,11,18,90,11,56,265,2,15,92,66,19,8,8,1,1
48,73,142,16,64,0,11,18,31,41,9,8,10,66,3,0,8,12,27,1,1
33,104,34,26,113,148,11,20,90,3,30,265,2,51,66,9,18,15,2,1,1
48,136,124,31,156,102,11,20,90,41,68,312,7,0,82,42,14,1,7,1,1
45,250,116,64,113,262,5,0,149,7,25,330,10,7,81,37,18,10,15,0,1
46,250,149,33,70,236,9,27,155,20,5,129,39,27,35,62,14,10,7,0,1
29,318,41,27,104,119,11,18,90,58,6,283,31,11,25,17,19,12,7,0,1
13,49,63,29,60,22,11,20,90,53,5,91,43,60,67,0,8,18,36,0,1
42,230,138,10,118,203,11,14,40,42,9,63,30,56,3,0,14,12,36,1,1
33,46,151,21,22,169,9,36,93,29,55,315,14,11,49,71,8,12,36,1,1
38,46,142,61,72,89,11,18,90,4,65,315,30,14,25,42,19,18,40,0,1
59,300,187,69,131,16,11,20,90,42,75,114,43,65,82,9,19,15,28,0,1
9,134,151,21,156,243,11,20,90,7,12,164,7,7,74,4,8,26,5,1,1
9,251,42,1,84,197,9,14,131,29,54,120,30,11,100,42,18,12,27,1,1
54,184,77,41,64,149,13,19,179,10,6,130,30,65,53,52,25,15,2,0,1
10,203,86,69,118,175,3,43,99,29,40,379,39,55,92,72,14,12,11,0,1
47,17,135,43,144,96,11,20,90,42,12,326,31,7,46,9,10,10,40,0,1
42,17,17,10,144,163,11,20,90,10,18,365,7,73,15,9,14,8,27,0,1
46,263,63,21,60,274,11,18,90,29,55,245,10,11,3,42,14,10,5,1,1
31,249,135,1,115,44,11,20,90,19,55,145,7,73,15,65,12,10,5,1,1
69,86,108,79,2,138,11,20,90,51,4,293,17,34,57,70,20,11,9,1,1
66,163,105,80,119,137,11,14,50,26,27,346,37,2,57,6,22,19,13,1,1
1,14,181,68,135,282,9,27,106,17,31,226,1,22,47,2,11,10,13,1,1
65,168,161,14,116,274,7,37,57,31,36,262,38,45,77,12,6,7,16,1,1
1,320,5,86,99,146,13,2,50,4,62,121,39,27,35,51,1,10,0,1,1
40,142,138,21,84,98,11,20,90,20,13,288,7,62,37,72,14,11,19,0,1
64,120,29,25,136,251,11,18,161,43,15,368,9,72,14,55,2,7,12,1,1
48,109,170,14,124,275,7,36,29,7,12,255,43,55,10,70,24,10,15,1,1
7,239,43,67,86,100,9,36,56,4,62,164,43,30,32,12,24,15,35,1,1
21,68,85,26,48,275,11,20,90,58,50,113,35,23,40,24,18,5,33,1,1
65,192,55,12,149,84,11,20,90,20,50,136,0,68,52,42,6,10,5,1,1
18,5,28,33,139,264,11,14,211,43,51,54,31,15,15,73,2,8,20,0,1
65,21,117,42,25,97,11,18,40,38,52,62,30,7,46,28,4,12,35,0,1
23,8,153,27,82,184,11,18,178,11,8,369,1,45,66,28,5,5,10,1,1
19,218,25,20,144,42,11,14,106,53,75,89,39,50,20,9,19,8,36,0,1
20,315,183,64,155,137,11,18,90,3,60,41,15,19,82,36,13,10,8,1,1
66,315,16,12,48,29,11,20,90,53,5,18,1,35,44,7,14,23,33,1,1
20,172,163,73,14,199,11,20,90,49,20,346,38,5,65,7,4,11,1,0,1
22,185,124,41,106,35,11,20,90,53,75,144,5,6,15,70,11,15,24,0,1
64,160,101,46,28,159,21,13,9,58,13,98,39,15,74,42,4,8,5,0,1
61,184,186,41,155,53,11,18,90,58,13,362,23,15,35,63,19,8,16,0,1
1,304,112,81,57,131,9,27,31,14,51,58,39,7,15,8,6,8,24,1,1
48,224,34,46,109,200,9,14,186,7,25,164,27,0,26,35,24,15,2,1,1
64,213,149,27,18,52,11,18,161,10,5,275,2,0,76,42,14,15,1,0,1
24,124,84,58,109,248,11,14,90,20,6,320,23,6,13,70,6,10,33,1,1
63,230,17,41,61,44,9,47,0,53,5,140,31,6,71,72,18,8,7,0,1
0,107,20,16,48,188,11,20,90,37,51,162,36,0,5,42,18,5,2,1,1
57,0,122,16,155,120,11,20,90,11,65,131,38,59,62,9,4,11,24,1,1
10,36,183,16,111,90,11,20,90,10,75,213,6,0,47,0,18,8,7,0,1
22,142,25,29,156,116,11,20,90,10,75,120,15,55,32,42,14,8,36,0,1
24,49,63,29,55,68,11,27,178,53,25,62,23,14,24,57,8,12,24,0,1
24,49,63,29,55,68,11,27,178,53,25,62,23,14,24,57,8,12,24,1,1
33,111,186,41,44,10,11,18,108,20,30,296,5,27,46,37,18,10,40,1,1
34,230,138,31,44,169,11,18,90,19,40,253,7,50,53,9,14,8,28,0,1
63,42,73,41,44,246,11,20,90,29,55,162,7,62,92,4,10,5,27,0,1
0,61,186,10,22,6,11,18,108,4,30,201,30,14,25,16,18,10,15,1,1
6,133,49,26,106,209,11,20,90,3,62,89,39,27,35,9,14,12,7,1,1
29,313,135,48,114,188,9,27,181,15,40,91,15,60,67,72,19,15,28,0,1
46,15,142,64,14,259,7,37,99,42,68,362,31,11,25,41,14,10,5,0,1
38,291,73,21,127,107,11,20,90,10,6,167,5,73,35,41,14,8,40,0,1
49,134,150,13,126,228,11,20,90,41,25,102,39,15,31,9,10,15,36,0,1
68,251,124,10,33,213,9,47,115,7,25,79,31,56,24,42,4,10,36,0,1
22,17,138,69,156,283,11,18,90,10,6,335,23,56,3,42,19,10,15,0,1
34,52,87,43,114,200,11,20,90,19,40,145,7,7,74,65,10,15,27,1,1
59,52,100,48,131,145,11,14,108,42,12,284,30,56,3,72,8,10,28,1,1
35,196,100,48,30,272,11,20,90,7,13,371,15,6,20,65,10,10,40,1,1
56,129,52,82,45,77,11,18,90,41,9,193,31,14,81,23,8,12,19,1,1
31,241,151,29,22,240,11,27,46,20,13,326,10,38,16,41,10,10,27,0,1
65,289,8,75,29,123,9,27,92,18,1,17,12,23,65,59,1,8,32,1,1
65,260,31,76,148,176,11,20,90,39,64,368,37,25,2,62,25,27,9,1,1
55,267,119,76,54,221,7,9,112,51,22,372,7,0,82,67,0,8,34,1,1
66,66,136,65,24,128,11,20,90,5,61,35,20,28,34,8,24,5,13,1,1
66,60,143,32,43,89,11,20,161,36,3,360,4,63,12,40,1,15,25,1,1
19,279,1,44,80,180,16,33,109,33,16,351,36,72,96,29,24,18,17,1,1
65,269,169,19,36,6,11,18,44,46,20,229,0,61,1,55,24,4,33,1,1
65,20,120,40,23,206,11,20,213,51,53,84,13,13,63,27,19,26,9,1,1
23,10,175,2,137,29,7,53,103,52,34,350,30,50,74,64,25,10,10,1,1
21,41,147,22,132,23,11,18,90,4,62,363,32,19,18,52,11,12,24,1,1
48,216,37,40,124,56,11,20,90,17,63,89,38,57,52,17,19,1,20,1,1
1,216,80,40,148,250,11,14,131,43,20,93,27,23,40,57,6,19,25,1,1
21,131,146,60,21,6,11,18,90,43,21,169,9,33,45,8,24,8,8,1,1
18,219,117,84,89,236,11,18,46,11,18,224,36,32,28,35,24,8,8,1,1
18,219,117,84,89,236,11,18,46,11,18,224,36,32,28,35,24,8,8,1,1
65,159,54,85,39,212,11,20,90,49,20,261,18,48,14,8,4,11,29,1,1
23,95,28,27,85,150,11,20,90,49,8,100,27,65,76,41,19,15,24,0,1
44,271,101,33,113,135,11,20,90,10,60,342,35,31,14,41,6,6,1,0,1
16,58,75,12,106,130,11,20,90,20,56,331,32,48,65,0,11,2,2,1,1
68,301,116,46,113,247,11,20,90,58,62,199,35,33,72,24,14,6,15,1,1
57,122,183,16,112,0,11,20,90,53,75,86,35,0,66,37,4,15,7,1,1
65,184,46,73,109,229,11,18,90,52,51,201,5,6,15,59,1,12,16,1,1
68,224,163,33,51,272,9,37,136,58,13,319,43,27,74,70,6,8,8,0,1
16,286,28,8,85,180,13,19,12,58,30,141,30,73,13,66,6,10,24,0,1
57,71,68,70,139,260,11,14,90,3,60,60,43,55,32,17,19,18,40,0,1
20,62,114,27,98,117,11,20,90,52,21,41,1,65,94,16,14,15,24,1,1
21,94,142,64,106,5,11,20,90,10,60,380,27,5,83,16,8,22,16,1,1
21,94,118,8,109,222,11,20,90,20,60,230,2,19,38,24,19,11,8,1,1
64,167,183,64,72,57,11,20,90,4,65,36,15,30,37,37,18,15,15,1,1
33,255,131,31,106,10,11,20,90,10,13,112,7,27,35,42,18,12,28,0,1
14,46,155,48,107,132,13,53,24,42,9,182,14,56,54,7,18,12,7,0,1
55,6,151,21,131,119,11,20,90,42,6,370,43,60,92,41,14,26,36,0,1
34,232,75,64,106,92,11,20,90,20,5,271,30,66,25,9,14,12,7,1,1
33,49,75,16,121,236,9,36,50,41,9,245,23,11,55,7,19,12,1,0,1
51,237,151,20,30,278,11,20,145,53,25,70,5,66,81,42,18,10,7,0,1
34,111,40,31,72,186,11,20,90,7,68,215,43,60,92,41,8,8,7,0,1
10,111,77,41,112,136,9,27,146,3,6,333,31,11,24,27,24,10,40,1,1
59,25,183,16,48,180,11,18,90,10,50,132,15,54,81,72,19,10,15,1,1
61,91,86,69,131,238,11,18,89,10,30,317,23,54,49,62,18,10,40,0,1
59,300,50,10,60,239,11,20,90,53,6,373,7,27,71,4,14,10,36,0,1
61,54,63,29,22,45,16,43,130,15,23,93,23,73,81,4,8,12,19,0,1
36,211,86,69,127,25,11,20,90,10,6,210,31,73,46,65,8,10,27,0,1
36,191,124,41,106,155,11,14,90,42,9,346,10,54,54,16,18,10,5,1,1
33,191,187,21,22,237,11,20,90,7,12,151,30,73,46,23,10,12,27,0,1
19,47,177,20,107,73,11,20,90,10,6,139,10,56,49,72,14,10,36,0,1
35,47,135,48,107,226,11,18,90,29,55,377,31,38,55,72,14,10,5,1,1
65,254,162,44,12,183,11,20,90,55,48,360,42,4,63,7,4,22,26,1,1
66,186,171,28,87,260,9,5,95,32,73,360,43,32,66,52,5,19,9,1,1
65,280,146,3,17,120,11,20,90,6,31,204,22,70,42,16,6,7,29,1,1
23,96,92,35,152,55,9,14,88,49,21,30,11,68,56,29,1,15,35,1,1
21,204,61,54,67,146,11,36,36,0,21,208,31,65,67,26,1,10,9,1,1
54,304,116,26,98,4,7,33,159,3,13,298,10,60,35,6,18,12,31,0,1
32,91,42,1,144,273,9,5,6,15,40,326,5,73,46,4,8,12,27,0,1
66,204,172,86,124,0,11,20,90,37,65,290,42,37,29,22,24,27,16,1,1
65,181,12,51,81,137,11,18,90,32,57,227,20,44,65,70,2,18,10,1,1
53,270,98,11,6,80,11,20,90,32,49,223,28,3,51,62,25,20,12,1,1
66,221,10,62,93,24,9,27,147,23,8,182,2,62,82,2,22,18,4,1,1
20,292,104,53,148,244,9,36,123,0,52,288,30,60,74,51,6,10,9,1,1
24,109,170,66,143,263,11,20,90,52,21,41,32,3,84,35,19,15,29,0,1
69,239,101,27,82,272,11,20,213,53,25,198,2,32,18,57,24,10,8,0,1
66,210,169,24,136,237,11,18,90,25,59,339,18,62,76,66,5,15,0,1,1
65,44,189,86,50,183,11,18,90,14,43,316,0,22,28,27,24,15,31,1,1
23,37,123,2,50,112,11,20,90,23,51,37,36,17,77,24,4,5,16,0,1
1,121,118,33,39,281,9,14,143,37,56,17,23,15,35,59,2,10,4,1,1
1,121,118,33,39,281,9,14,143,37,56,17,23,15,35,59,2,10,4,0,1
65,207,160,2,94,199,11,20,90,11,65,286,38,45,28,37,14,20,8,1,1
57,159,28,81,129,237,9,36,86,58,13,350,5,55,67,29,11,8,31,0,1
66,268,54,70,139,263,11,18,90,6,52,48,27,10,66,7,4,15,29,0,1
65,95,4,81,139,137,11,14,170,11,0,92,39,62,67,60,21,15,35,1,1
53,315,133,16,63,256,11,20,90,42,68,152,1,68,96,37,4,7,1,1,1
65,88,112,66,34,151,9,5,143,11,60,108,31,7,35,21,11,10,2,1,1
18,122,122,64,111,186,11,18,106,23,18,274,15,6,20,35,6,15,1,1,1
27,211,132,47,27,190,13,9,141,15,40,52,23,7,46,72,8,10,28,0,1
26,62,103,34,91,214,11,18,90,38,49,229,35,17,28,37,4,16,33,1,1
16,94,17,41,149,244,11,18,90,53,25,350,23,60,15,8,11,10,24,0,1
24,48,116,64,44,118,11,20,90,46,43,112,18,52,77,41,10,1,40,1,1
6,153,131,41,61,146,7,47,110,10,5,48,31,50,31,37,14,26,15,1,1
10,73,77,31,155,173,11,18,213,10,6,109,10,27,24,28,19,10,40,1,1
63,257,152,16,112,67,11,20,90,42,12,152,6,44,40,9,18,7,36,1,1
42,205,186,12,106,120,11,20,90,41,55,320,2,45,5,9,8,15,36,1,1
34,203,20,16,63,275,9,14,87,11,56,362,5,11,25,24,18,12,15,1,1
66,318,133,26,63,193,11,18,106,7,12,292,30,14,25,0,18,10,36,1,1
29,234,36,48,144,14,11,20,90,19,23,250,10,66,3,7,19,10,15,0,1
38,218,77,12,33,275,11,20,90,7,25,113,7,15,31,41,19,15,36,0,1
32,312,131,41,72,263,9,27,120,53,5,131,5,14,13,65,8,12,27,0,1
22,32,183,16,71,207,11,18,160,7,25,326,1,65,94,65,14,10,36,0,1
46,237,16,12,155,184,11,20,90,7,5,367,1,50,92,9,14,10,1,0,1
63,297,190,12,111,147,11,20,90,7,6,155,43,19,94,9,18,18,5,1,1
44,42,73,10,156,147,11,18,90,41,68,72,31,11,100,17,4,10,8,0,1
13,133,60,43,52,241,11,18,90,42,68,81,10,66,3,35,19,12,5,1,1
26,273,25,29,149,268,11,18,90,20,6,189,31,66,25,62,18,12,5,0,1
46,235,63,29,144,173,11,18,90,53,60,5,31,6,71,4,18,18,5,0,1
22,119,72,20,156,71,11,18,145,41,12,370,5,66,81,4,8,12,5,0,1
19,45,63,20,144,150,9,14,199,42,12,220,23,11,3,24,18,12,36,0,1
56,87,155,43,52,45,13,53,179,7,12,350,30,14,25,4,10,10,11,0,1
65,139,7,72,130,131,8,10,186,33,57,22,31,32,98,11,11,8,26,1,1
53,93,0,19,6,202,12,44,217,6,46,195,7,52,18,52,11,19,16,1,1
54,176,177,69,155,185,7,1,160,29,55,279,30,73,13,70,18,10,36,0,1
16,279,179,59,86,126,11,18,90,25,7,45,20,36,9,24,2,20,24,1,1
2,279,12,59,26,173,22,31,123,25,7,168,30,0,67,71,25,15,10,1,1
65,246,64,42,133,100,10,34,33,4,60,198,6,23,97,0,24,19,2,1,1
64,217,54,34,96,166,11,18,90,23,18,32,0,48,44,17,19,11,2,1,1
1,113,23,42,4,247,15,41,68,58,62,158,18,44,28,37,2,7,15,1,1
48,113,79,57,47,25,11,18,50,43,51,208,36,64,30,35,24,11,8,1,1
66,262,144,42,133,148,3,38,204,43,20,68,39,5,40,17,4,8,8,1,1
2,140,149,58,39,38,16,33,110,58,56,21,23,60,15,12,18,10,2,1,1
58,170,133,31,48,241,5,24,22,53,75,326,23,22,37,62,11,8,5,0,1
26,197,54,22,70,50,11,20,145,58,21,203,25,18,21,9,25,13,15,1,1
42,159,106,78,42,204,11,18,106,58,50,168,9,68,52,42,19,19,5,0,1
4,222,128,46,155,95,11,18,137,58,13,123,2,45,5,9,8,5,36,1,1
5,116,20,64,63,207,10,15,149,10,75,307,1,30,32,63,11,19,1,1,1
48,253,49,12,113,243,5,29,226,7,25,79,30,65,67,17,6,8,5,1,1
48,122,167,27,100,211,5,13,217,20,75,344,10,73,25,6,19,12,15,1,1
7,122,46,78,139,281,10,16,237,41,9,265,31,60,31,37,4,8,36,1,1
53,298,103,66,117,137,1,29,3,3,60,300,5,60,20,9,14,8,15,0,1
69,65,152,26,63,192,11,20,90,10,30,294,36,44,77,37,4,18,8,1,1
2,94,101,16,128,195,10,15,223,58,5,263,23,15,46,0,8,8,36,1,1
38,124,177,21,156,4,16,41,129,15,40,162,14,14,3,71,19,10,2,0,1
23,257,151,20,118,14,7,9,32,7,68,173,39,32,76,37,19,15,36,1,1
63,136,155,48,35,281,15,1,75,15,23,23,10,15,46,42,14,8,27,0,1
68,311,106,33,98,250,11,20,90,20,62,273,32,17,72,9,14,26,7,1,1
67,73,152,41,15,283,13,33,106,46,30,217,10,66,3,42,19,10,11,0,1
68,92,17,41,44,161,9,5,27,42,12,326,23,50,71,4,14,15,28,0,1
13,156,138,69,44,196,13,9,71,41,68,204,10,14,100,37,14,12,5,0,1
7,29,186,31,112,11,9,19,200,53,25,241,31,60,31,42,19,10,7,1,1
19,26,186,10,44,35,21,38,156,42,9,146,30,55,53,0,8,8,5,0,1
13,234,17,61,127,176,11,20,90,41,9,245,18,60,98,65,18,8,27,0,1
9,161,77,12,44,117,11,20,90,42,12,326,1,45,5,0,8,19,36,1,1
51,242,25,21,84,165,11,20,90,42,25,92,1,62,10,23,14,7,27,0,1
5,242,151,29,55,145,13,2,24,42,68,40,10,66,3,41,18,10,28,0,1
28,10,58,16,98,35,5,24,43,53,75,40,35,19,26,35,24,15,36,0,1
29,15,75,12,15,52,11,20,90,3,50,234,43,55,10,4,10,10,28,1,1
38,251,42,1,107,181,9,37,159,15,40,284,14,27,3,62,8,10,36,0,1
31,312,72,1,144,243,9,37,161,7,12,40,30,54,55,17,8,10,7,0,1
30,202,25,29,118,170,13,1,55,7,68,137,16,21,8,24,8,12,5,0,1
49,87,187,29,149,70,15,8,87,7,9,23,10,11,55,65,10,10,19,1,1
41,75,37,71,142,283,12,44,52,23,0,300,31,23,38,10,24,10,17,1,1
53,288,45,83,141,100,5,16,96,14,34,32,6,22,66,66,11,15,0,0,1
44,150,180,57,23,108,5,16,100,46,56,206,39,51,38,6,22,10,35,1,1
68,252,180,60,89,146,22,30,58,53,6,342,27,43,83,12,2,19,8,1,1
41,212,80,2,0,79,22,42,12,31,36,135,31,72,26,19,11,15,29,1,1
6,278,169,60,56,274,4,42,175,38,46,177,39,55,37,31,6,10,16,1,1
41,221,21,71,75,61,19,28,26,4,50,188,30,0,67,21,24,15,16,1,1
16,38,54,85,139,204,3,43,177,3,50,345,18,5,45,16,5,18,36,1,1
43,145,50,21,33,101,9,9,178,58,13,63,23,7,46,12,4,15,8,0,1
51,148,123,60,129,63,11,20,90,38,49,378,13,35,43,42,24,27,2,1,1
41,37,75,12,113,38,21,46,222,42,68,153,39,17,26,37,1,19,5,0,1
41,100,64,85,78,173,3,0,42,0,52,83,2,5,72,41,19,19,2,1,1
54,28,128,58,91,174,9,9,210,53,25,223,31,60,31,29,18,10,31,1,1
68,5,4,8,57,174,21,13,14,4,62,352,1,43,28,24,24,26,1,1,1
6,21,137,27,57,78,13,2,132,58,13,339,23,7,13,21,24,12,16,1,1
2,16,44,8,96,235,4,3,221,53,12,58,23,27,25,8,19,10,1,1,1
19,222,58,78,70,178,9,36,233,53,12,65,10,6,81,59,24,10,2,0,1
52,257,183,64,48,195,15,1,138,53,5,105,5,6,15,41,14,15,5,0,1
53,40,46,78,154,117,11,18,213,11,56,60,2,17,97,41,6,15,2,0,1
44,213,19,33,85,131,13,9,213,43,51,196,43,15,53,0,19,10,15,1,1
5,19,77,64,64,265,11,20,90,29,40,195,1,52,73,42,14,18,28,1,1
36,236,186,10,149,146,11,20,90,4,60,295,2,55,94,4,8,8,5,1,1
61,94,75,12,44,67,11,20,90,58,60,144,35,0,66,4,19,15,28,0,1
32,124,55,61,155,80,16,22,207,41,68,315,6,32,70,4,4,19,28,0,1
46,0,151,21,84,95,11,20,90,42,68,176,15,22,38,9,24,13,5,0,1
36,145,183,16,42,2,11,20,90,53,6,147,6,19,76,72,18,19,15,0,1
8,178,138,21,156,62,9,37,106,53,25,340,31,27,13,27,18,8,15,0,1
22,156,40,41,64,38,13,53,250,42,9,265,30,27,81,7,18,10,15,0,1
16,29,124,10,72,35,7,47,44,53,25,288,10,15,13,21,18,12,7,1,1
51,26,133,16,112,271,9,14,213,42,9,350,43,30,37,9,14,18,27,1,1
36,232,49,64,155,34,9,37,169,58,13,364,39,62,67,9,14,8,36,1,1
45,49,131,10,112,48,9,37,106,3,30,91,10,66,3,0,10,8,40,0,1
29,240,55,61,48,258,21,46,151,29,40,175,14,66,55,9,10,12,28,0,1
17,242,55,12,14,248,21,38,70,19,23,10,30,19,67,42,10,10,5,1,1
17,165,100,29,131,221,11,20,90,15,55,159,31,62,53,65,10,7,19,0,1
17,29,25,20,22,81,3,41,149,19,23,159,23,14,100,24,18,15,5,0,1
22,133,151,20,72,230,7,19,155,41,9,12,23,11,55,62,14,12,1,0,1
45,291,151,20,149,181,15,2,71,15,23,23,14,14,3,0,14,10,5,1,1
36,300,72,48,115,254,11,27,93,58,13,234,31,14,81,4,14,10,19,1,1
35,134,73,41,72,195,11,20,90,15,40,326,5,7,35,65,10,18,27,0,1
65,259,182,63,79,242,9,27,16,34,66,89,42,26,42,10,6,5,13,1,1
4,89,141,25,102,122,16,43,102,9,61,292,31,40,39,61,20,19,37,1,1
65,283,18,57,96,89,22,16,75,37,56,241,6,58,22,57,25,8,8,1,1
66,79,121,53,81,192,11,14,160,47,3,171,12,24,29,70,1,7,21,1,1
21,269,47,14,57,139,11,20,90,43,15,337,13,16,51,62,2,5,40,1,1
23,266,79,42,50,197,4,23,49,10,6,164,5,51,94,57,24,26,2,1,1
6,82,83,66,70,154,11,20,90,3,18,219,20,12,91,41,4,27,36,1,1
36,33,166,35,9,243,5,35,2,49,18,142,39,55,92,6,11,10,10,0,1
48,125,19,70,117,190,7,5,180,11,30,211,31,59,70,21,4,8,40,1,1
66,272,153,78,91,221,15,33,132,4,30,334,7,65,10,51,1,15,25,1,1
21,226,172,57,47,73,12,39,193,3,13,211,23,10,92,17,14,10,40,1,1
2,197,158,70,34,272,21,15,62,11,62,320,5,72,5,16,25,18,1,1,1
48,268,137,8,98,102,11,20,90,11,8,228,4,72,62,9,18,11,40,1,1
47,32,122,12,64,10,13,5,219,46,18,223,14,7,81,57,18,8,36,0,1
66,88,20,26,42,109,3,38,129,3,60,345,15,51,76,37,24,15,8,1,1
40,102,77,61,33,216,11,20,90,53,5,18,27,62,98,37,18,22,7,1,1
34,253,97,26,104,213,3,43,34,11,62,106,39,65,37,27,4,10,2,0,1
55,184,122,26,64,188,16,53,239,58,13,143,5,50,74,16,18,15,40,1,1
63,40,163,70,71,113,11,20,90,7,12,265,36,10,18,42,14,26,5,1,1
6,304,116,16,111,7,11,20,90,58,30,140,35,51,70,9,19,26,5,1,1
26,24,16,64,121,155,11,20,90,42,12,359,43,19,94,4,18,2,5,1,1
33,311,131,31,112,152,13,8,85,41,55,240,7,0,82,41,14,15,19,0,1
41,49,25,20,55,107,13,9,99,41,55,227,23,73,81,72,14,10,11,1,1
36,182,40,41,72,221,9,14,149,10,13,116,39,66,46,27,14,8,5,0,1
61,230,155,29,55,213,9,14,87,29,55,162,10,27,24,8,18,10,7,1,1
36,313,40,69,15,136,15,33,59,10,75,195,31,7,71,37,14,8,28,0,1
33,15,124,31,131,46,11,20,90,42,12,363,39,6,31,9,14,15,27,1,1
60,17,65,82,88,199,11,20,90,19,23,159,39,6,74,65,14,18,27,1,1
45,45,151,21,55,44,9,27,199,29,9,303,23,66,3,17,10,12,40,0,1
43,78,155,29,55,49,11,37,215,41,68,273,23,66,100,16,8,10,7,0,1
5,174,60,48,58,188,11,20,90,41,9,189,31,11,100,65,10,8,28,0,1
55,247,105,0,3,25,16,13,113,13,71,341,15,16,62,20,21,18,26,1,1
21,86,139,54,65,275,0,12,203,6,43,205,5,57,77,39,23,8,26,1,1
65,277,31,59,54,4,17,45,198,17,44,353,5,44,47,33,5,8,25,1,1
43,111,168,48,149,269,16,46,79,29,54,361,16,30,35,9,14,10,27,0,1
66,150,179,83,140,211,22,16,220,32,44,99,23,0,67,19,25,12,9,0,1
1,269,96,83,36,6,3,41,31,52,20,283,31,19,92,33,25,10,13,1,1
65,130,79,14,69,219,11,20,90,37,0,4,25,63,51,0,4,6,24,1,1
7,120,81,59,68,73,12,21,198,14,51,328,43,65,82,27,6,10,40,1,1
65,293,47,66,57,60,5,13,10,14,51,307,5,62,85,35,6,8,1,1,1
7,188,156,34,143,193,5,4,61,20,6,134,7,55,37,10,1,15,0,1,1
1,208,5,85,37,168,2,31,149,25,36,211,5,32,38,8,1,15,24,1,1
48,173,170,66,124,108,15,8,123,11,56,209,5,57,77,63,4,10,16,0,1
39,313,86,21,156,78,15,2,16,7,68,52,10,55,31,37,14,15,36,0,1
64,243,56,66,100,224,9,14,161,52,43,106,15,19,82,37,4,8,7,1,1
6,28,147,85,91,165,16,8,194,23,8,261,5,15,74,75,24,12,8,1,1
18,207,71,42,37,23,2,42,23,20,6,129,31,45,94,17,19,10,36,1,1
53,21,56,34,25,25,2,52,76,58,6,123,39,6,74,21,6,10,40,1,1
65,271,158,42,91,135,11,20,90,3,18,272,28,71,22,42,4,19,24,1,1
1,271,118,78,82,221,5,0,216,10,25,50,30,62,20,24,14,10,40,1,1
21,118,4,8,125,73,9,47,11,49,8,247,43,30,92,37,18,15,2,0,1
66,310,133,64,121,207,13,19,123,7,25,190,23,15,35,59,19,10,1,1,1
53,298,114,33,139,202,1,52,56,3,13,186,10,50,35,57,4,10,1,1,1
65,155,188,17,102,118,15,1,18,17,59,215,25,49,99,21,24,24,4,0,1
13,136,34,16,14,204,11,20,90,58,50,330,18,0,5,72,14,19,5,1,1
4,136,85,26,14,260,15,33,12,53,12,63,31,19,92,9,18,18,36,1,1
26,311,142,12,106,253,11,18,90,20,6,356,15,65,10,41,8,5,28,0,1
63,151,25,20,52,90,11,20,90,53,6,369,9,0,40,72,14,10,27,0,1
30,203,49,31,15,161,16,33,119,11,65,91,10,27,24,42,19,8,40,1,1
26,13,133,61,121,22,21,4,180,42,68,157,14,60,35,37,14,10,27,1,1
68,161,131,61,72,244,11,20,90,42,12,4,15,62,92,65,18,15,11,1,1
57,161,151,21,156,201,11,18,90,42,68,42,39,50,20,9,18,10,19,1,1
59,182,63,20,114,8,11,20,90,42,55,267,5,65,92,25,8,18,19,1,1
57,42,73,69,61,201,9,37,163,7,68,138,14,27,3,55,19,10,36,1,1
9,15,138,21,60,129,11,18,44,10,13,326,31,14,13,4,18,8,19,0,1
22,54,177,29,149,86,13,53,139,7,25,143,23,66,100,72,8,8,27,0,1
61,134,72,1,107,49,9,36,201,10,5,269,23,27,81,4,8,8,19,1,1
61,134,72,1,107,49,9,36,201,10,5,269,23,27,81,4,8,8,19,1,1
19,202,63,20,149,4,11,18,31,42,68,190,30,27,25,72,10,15,28,1,1
58,316,132,13,114,93,9,37,160,7,75,199,10,56,49,17,14,8,15,0,1
60,135,125,1,107,38,16,22,15,15,40,305,23,14,24,25,10,10,19,0,1
10,190,139,44,10,271,11,18,160,31,31,222,11,63,12,17,18,1,12,0,1
25,174,155,48,35,201,7,5,96,41,55,16,23,54,49,9,14,10,5,0,1
65,259,32,30,29,166,17,26,223,39,59,249,39,72,18,29,1,8,22,1,1
66,12,94,77,110,27,7,19,50,38,74,57,2,23,70,68,6,8,20,1,1
48,77,95,53,0,177,19,21,76,55,10,73,5,19,37,6,25,19,0,1,1
65,80,13,53,26,83,15,22,28,22,58,364,4,23,96,48,5,8,21,1,1
65,155,160,42,94,246,14,49,212,43,51,223,31,22,10,73,23,10,10,1,1
65,4,27,59,137,36,11,20,90,0,34,274,12,46,60,24,19,20,29,1,1
65,34,126,2,89,89,11,18,90,38,7,276,8,12,1,16,4,26,29,1,1
55,307,164,3,50,192,18,42,150,12,36,318,10,30,15,18,4,12,16,1,1
48,252,46,78,82,42,15,41,132,58,60,169,43,40,14,35,11,15,2,0,1
66,296,126,60,116,236,11,14,252,33,42,135,34,41,11,24,18,5,31,1,1
64,322,170,34,25,256,1,24,189,58,6,20,10,0,85,17,25,8,15,1,1
66,31,0,5,140,124,15,53,104,16,52,47,27,40,65,24,19,19,31,1,1
20,38,112,34,69,80,22,30,151,7,25,83,31,23,98,0,19,19,40,1,1
15,173,111,14,132,186,4,16,29,4,50,1,2,55,94,17,19,8,7,1,1
2,100,71,34,51,157,11,20,90,38,31,30,25,64,12,9,18,1,24,0,1
53,121,116,26,48,236,3,43,9,53,75,176,5,55,85,8,6,19,2,0,1
41,319,4,58,125,78,22,11,107,46,56,165,18,72,72,42,24,15,15,1,1
1,8,20,78,70,166,11,20,90,42,12,326,27,72,39,41,24,26,5,1,1
64,118,84,64,128,168,13,19,214,46,65,81,30,62,20,8,4,15,40,1,1
23,71,83,34,39,253,11,18,161,11,62,345,18,10,5,72,14,26,5,1,1
20,19,41,78,28,219,11,20,90,37,8,335,18,22,70,4,18,27,7,1,1
19,65,84,46,28,173,13,9,43,3,30,148,30,15,71,12,24,12,24,0,1
10,24,16,12,22,64,11,20,90,10,0,304,27,72,77,65,8,1,7,1,1
69,48,167,8,91,144,11,20,90,37,0,326,18,55,26,37,14,1,7,1,1
24,73,116,16,98,133,21,46,222,42,9,200,10,11,55,55,14,12,15,0,1
21,270,98,83,32,202,12,26,119,43,51,362,5,44,47,59,2,8,20,0,1
22,136,183,12,155,263,9,27,161,4,50,56,23,14,24,17,14,8,36,1,1
10,203,16,69,106,110,9,37,65,23,65,198,10,27,24,35,14,12,1,1,1
44,26,133,61,112,262,13,9,66,58,50,41,39,6,74,37,14,19,15,1,1
26,46,25,20,60,107,15,1,105,29,54,280,10,11,49,21,19,12,1,1,1
38,142,133,26,111,271,11,20,90,10,5,227,43,55,82,72,14,26,28,1,1
29,49,131,69,118,81,15,53,216,58,13,186,7,6,31,9,14,19,27,0,1
8,198,63,29,72,18,16,4,115,29,55,159,5,60,53,0,14,10,27,1,1
1,321,148,71,141,80,4,49,37,32,59,239,30,0,92,28,4,15,0,0,1
26,297,187,21,131,130,11,20,90,10,5,148,15,7,31,23,8,26,28,1,1
19,235,135,43,114,192,11,20,90,42,68,222,5,7,71,65,8,10,19,0,1
32,251,125,48,131,110,13,47,31,42,9,52,23,66,3,42,14,12,5,0,1
21,141,89,52,120,192,21,24,112,54,39,7,15,5,4,52,25,11,9,1,1
21,270,189,84,40,217,13,53,132,6,52,334,6,5,72,35,4,5,10,1,1
48,269,134,57,4,188,16,22,226,10,5,346,2,3,80,17,25,16,36,1,1
23,282,59,62,77,131,16,22,245,17,49,237,2,43,77,17,4,19,16,0,1
10,215,47,57,124,100,3,43,244,49,20,151,30,10,37,76,6,12,33,1,1
7,285,112,85,21,145,10,30,38,3,50,382,7,59,73,27,6,8,16,0,1
44,221,64,66,89,181,4,51,237,10,75,70,23,23,94,62,18,10,1,1,1
23,210,58,73,125,213,9,37,98,3,50,186,43,23,5,7,25,15,1,1,1
18,67,23,57,100,191,9,27,138,58,50,266,18,32,73,42,25,10,15,1,1
18,197,118,58,42,250,11,20,90,43,34,148,28,43,7,16,11,11,2,1,1
31,160,114,81,57,166,13,19,87,58,60,381,1,45,66,0,18,19,7,1,1
9,157,44,27,129,108,9,27,54,6,21,328,5,62,85,6,11,10,24,1,1
7,157,58,46,128,24,9,5,115,4,30,362,36,22,70,16,6,10,36,1,1
7,222,20,46,112,15,11,20,90,3,56,8,18,44,28,72,18,16,40,0,1
26,210,161,24,56,224,9,14,191,46,18,196,1,16,69,37,18,16,1,0,1
36,184,112,34,28,91,11,20,90,49,34,218,11,32,96,9,18,8,5,1,1
53,298,190,61,112,108,9,5,230,53,25,262,10,14,100,21,19,12,40,0,1
20,298,93,8,39,148,16,8,31,11,62,364,23,6,46,42,19,10,8,1,1
1,124,142,64,64,44,9,14,44,53,5,117,43,19,94,4,14,26,5,1,1
4,104,142,31,61,156,11,20,90,37,8,335,27,30,94,72,19,15,15,1,1
12,104,20,26,113,2,7,47,91,37,0,276,31,62,53,24,18,12,1,0,1
57,311,133,16,121,236,9,27,6,42,12,74,43,22,38,41,8,5,7,1,1
20,205,17,69,61,20,9,5,172,20,6,31,31,15,15,37,18,10,28,1,1
19,6,34,12,48,229,21,0,244,10,75,52,23,14,24,55,14,10,15,1,1
3,234,17,69,61,187,13,9,222,53,25,274,30,11,100,16,19,12,5,1,1
9,161,131,31,149,199,7,36,199,7,25,291,5,60,20,37,19,8,5,0,1
63,237,135,48,114,144,11,20,90,29,55,12,43,30,37,4,8,8,28,0,1
17,230,77,12,61,206,11,18,90,7,12,153,6,0,47,72,14,18,28,0,1
2,313,16,61,118,115,11,20,90,20,30,166,1,30,10,37,14,15,15,1,1
69,242,150,47,73,175,11,18,160,15,55,78,7,6,31,41,14,18,5,1,1
45,242,186,31,127,223,11,20,90,53,5,152,43,30,37,65,8,5,19,1,1
45,300,73,69,118,264,11,20,90,42,68,245,5,7,35,4,8,18,28,0,1
16,241,14,6,88,131,11,18,90,29,54,210,30,38,55,65,8,10,14,0,1
37,323,51,82,58,171,7,19,131,21,26,329,16,54,95,23,12,8,19,0,1
41,132,28,70,71,234,11,20,90,4,65,94,9,43,62,41,24,27,36,0,1
9,186,94,49,26,177,22,24,197,5,63,231,43,59,28,74,2,8,10,1,1
48,43,164,35,68,182,1,31,58,46,8,314,39,22,82,12,18,10,33,0,1
48,20,74,36,16,42,21,38,63,52,21,196,2,43,77,62,11,11,29,1,1
48,109,46,58,51,207,9,36,121,46,51,377,15,44,5,10,13,10,29,1,1
65,208,111,3,146,150,5,15,186,14,20,73,5,0,32,6,24,15,35,1,1
68,183,79,14,37,0,11,20,90,11,56,190,11,23,23,72,14,2,36,1,1
38,207,83,70,139,184,13,53,59,23,18,325,5,50,31,0,1,12,40,0,1
63,131,118,58,28,146,22,4,225,10,6,326,30,62,20,7,24,19,36,0,1
65,69,4,81,18,36,11,18,90,37,20,368,32,43,45,41,4,8,15,1,1
66,69,128,26,121,44,11,20,145,37,56,32,18,68,65,9,4,19,2,1,1
65,261,137,78,154,128,11,20,213,49,43,140,4,17,14,42,6,11,1,1,1
15,116,118,27,82,260,15,1,14,10,13,8,5,15,74,72,4,15,5,1,1
23,63,137,33,129,233,3,0,94,20,5,243,30,62,20,59,18,12,29,0,1
23,63,137,33,129,233,3,0,94,20,5,243,30,62,20,59,18,12,29,0,1
26,118,75,31,111,221,10,0,193,42,68,184,31,7,46,17,18,10,36,1,1
24,176,183,26,155,115,9,36,53,10,13,343,27,17,4,41,6,26,36,1,1
50,166,58,46,128,184,9,37,44,11,56,288,6,71,62,35,5,5,15,0,1
55,65,55,61,64,42,3,46,226,41,55,143,23,15,71,57,4,10,40,1,1
13,65,149,16,109,235,22,29,26,20,6,32,30,7,46,0,18,10,15,0,1
63,50,142,61,48,11,13,19,243,20,30,132,31,60,31,27,4,10,1,0,1
36,94,106,64,63,202,10,15,20,11,50,267,10,73,25,0,14,12,28,1,1
55,257,34,64,111,27,11,20,90,46,51,29,2,45,5,41,4,1,8,1,1
44,178,55,41,127,15,11,20,90,11,18,218,7,10,98,4,18,5,7,0,1
61,203,151,69,156,211,11,20,90,41,12,172,43,60,92,4,8,19,28,0,1
66,226,93,27,34,202,5,29,58,11,56,226,15,43,40,17,19,19,36,0,1
51,26,131,31,44,33,15,1,107,15,54,193,39,7,15,9,10,8,28,1,1
53,26,75,12,72,225,11,14,90,58,60,152,39,66,81,72,24,10,27,1,1
24,153,63,29,60,228,13,9,15,42,9,298,5,6,15,24,18,10,5,0,1
40,234,138,20,84,271,11,20,90,58,13,180,7,60,85,65,8,26,27,1,1
68,232,190,69,22,195,11,20,90,49,20,51,35,65,47,65,8,15,7,1,1
53,218,187,21,84,16,11,20,90,53,6,369,43,30,32,65,8,19,5,1,1
2,32,190,31,22,251,11,20,90,20,62,115,43,55,82,65,8,15,28,0,1
5,240,77,41,72,155,15,8,222,53,12,22,16,11,49,62,18,12,27,0,1
36,165,86,20,156,79,16,33,119,7,25,330,14,11,49,35,18,12,28,1,1
50,197,186,69,14,121,21,34,44,7,68,233,23,0,67,37,19,8,28,0,1
36,300,25,20,149,181,13,2,147,29,54,182,23,11,3,72,18,10,27,0,1
2,211,151,21,84,135,11,20,90,41,9,326,5,66,81,65,14,10,27,0,1
22,263,168,29,35,275,11,14,178,42,25,179,31,14,81,72,14,12,27,1,1
22,263,168,29,35,275,11,14,178,42,25,179,31,14,81,72,14,12,27,0,1
45,233,125,20,115,85,11,20,90,15,54,305,39,15,74,23,8,10,7,0,1
31,127,87,13,27,103,15,1,213,19,24,23,14,11,49,65,10,12,14,1,1
48,97,95,11,68,192,3,15,94,45,22,243,7,28,45,67,3,10,25,1,1
21,199,11,2,77,258,2,42,220,14,46,282,43,51,76,3,5,10,12,1,1
66,314,27,55,0,129,10,24,13,37,18,227,4,64,22,16,24,7,2,1,1
21,150,64,34,47,168,14,39,221,3,60,41,30,17,76,22,1,10,31,1,1
21,279,74,86,93,2,1,16,238,4,62,372,30,19,67,60,6,8,29,1,1
68,207,128,78,128,208,11,14,215,42,68,154,18,43,23,37,11,18,36,0,1
23,293,134,81,129,61,7,47,133,38,36,207,35,43,83,42,4,15,1,1,1
6,188,6,62,147,6,11,18,213,12,7,70,0,48,30,42,19,26,31,1,1
48,173,93,8,85,275,15,2,22,46,65,247,36,33,96,17,24,7,40,1,1
2,173,44,8,51,97,11,18,213,43,51,84,36,33,96,24,4,10,15,1,1
55,132,117,34,133,281,5,13,185,0,46,84,7,60,85,21,6,12,16,1,1
2,28,18,66,94,283,4,3,52,23,56,267,10,62,74,17,18,10,8,0,1
23,68,153,58,104,193,13,53,155,23,18,186,10,55,31,6,19,12,8,1,1
66,159,101,27,70,215,15,1,66,29,55,297,31,32,98,60,2,10,33,0,1
21,159,153,78,28,186,15,1,213,37,62,2,39,22,98,42,19,8,1,1,1
33,281,137,27,34,283,3,43,18,20,6,288,30,62,20,27,24,8,2,1,1
2,222,118,73,70,174,1,35,139,58,6,28,31,62,20,41,14,8,36,1,1
23,301,54,85,117,256,5,15,35,58,13,51,30,50,15,42,4,15,1,0,1
15,184,85,26,72,88,11,20,90,3,56,296,18,17,77,41,19,15,7,1,1
15,184,85,26,72,88,11,20,90,3,56,296,18,17,77,41,19,15,7,0,1
35,310,58,16,42,29,21,22,26,20,5,308,5,15,74,0,14,10,15,1,1
21,298,73,69,61,233,9,37,247,7,25,3,31,50,15,27,25,10,24,0,1
4,50,28,78,128,239,11,20,90,14,51,62,27,65,76,72,8,18,1,1,1
41,245,40,41,111,53,13,2,94,42,68,120,23,27,81,62,4,10,15,0,1
60,136,133,61,154,59,15,33,190,20,13,189,30,15,71,8,18,15,7,0,1
44,178,86,69,60,92,7,27,145,53,12,338,1,22,76,9,14,18,28,1,1
32,153,177,29,84,184,11,20,90,58,6,186,7,50,53,65,8,10,5,1,1
24,111,77,41,72,61,11,20,90,3,62,218,5,60,20,72,8,15,7,1,1
61,133,86,69,22,60,11,20,90,53,12,133,15,6,31,65,14,12,5,0,1
59,146,36,43,35,241,11,36,206,29,9,159,10,11,55,4,10,10,28,1,1
19,81,63,29,55,62,9,27,143,7,12,46,23,66,100,0,4,10,36,0,1
49,189,86,21,118,196,7,19,161,10,75,350,7,27,71,37,14,10,27,1,1
3,208,147,34,57,275,10,0,21,20,5,52,30,0,92,51,25,10,31,0,1
59,291,36,47,131,164,13,33,53,41,54,66,14,11,49,17,24,10,5,0,1
9,300,155,48,114,147,11,20,90,10,6,29,43,50,85,4,14,8,27,1,1
51,45,69,43,30,51,11,20,90,15,9,332,39,73,71,65,10,19,27,1,1
54,127,87,47,126,44,11,18,90,29,68,85,7,66,46,65,8,10,14,0,1
7,254,181,49,11,178,11,20,90,12,64,8,40,42,48,0,6,24,33,1,1
65,317,79,66,129,204,3,43,245,52,34,237,1,35,44,71,22,5,33,1,1
65,277,38,2,124,276,11,20,90,47,3,53,3,69,89,0,11,24,10,1,1
21,180,111,14,132,215,7,47,218,38,15,56,28,48,59,57,11,18,8,1,1
18,321,18,3,94,44,9,27,159,6,36,375,9,64,80,55,6,25,29,1,1
65,307,97,16,91,111,1,25,39,7,12,240,23,22,37,73,25,12,24,1,1
1,33,161,60,147,109,1,23,112,46,0,14,31,60,31,57,24,10,24,1,1
48,131,85,16,128,248,11,18,161,20,50,140,7,65,32,7,24,15,36,1,1
23,106,103,57,47,44,3,38,84,20,50,153,39,55,67,71,25,12,31,1,1
0,102,28,81,25,217,13,9,228,10,5,196,9,5,65,42,18,15,15,0,1
24,160,137,78,139,78,13,53,48,46,18,135,14,50,46,59,19,10,29,1,1
49,95,186,31,109,231,3,15,65,15,40,130,39,19,32,0,4,10,36,0,1
65,315,19,81,18,199,16,1,208,53,25,135,6,10,26,41,19,8,28,1,1
61,58,101,78,14,154,11,20,90,4,0,162,1,19,98,4,18,6,2,0,1
21,253,97,46,154,193,11,14,131,46,8,278,1,65,94,16,11,8,15,1,1
65,122,20,73,14,47,11,20,90,58,50,363,38,23,39,72,18,5,7,1,1
64,304,46,58,42,27,7,36,154,46,18,362,1,55,82,42,25,15,40,1,1
1,298,84,16,128,131,3,43,77,58,50,261,30,73,81,40,25,15,1,1,1
51,164,75,12,14,173,11,18,90,58,30,280,27,51,18,0,19,18,24,0,1
57,94,153,27,28,225,11,20,90,4,65,381,36,23,28,4,14,7,15,1,1
25,107,17,10,33,74,21,4,141,29,54,93,23,6,13,37,4,12,27,0,1
24,136,49,12,128,38,15,8,67,20,50,326,39,73,15,9,18,15,7,0,1
0,255,50,10,61,131,11,18,213,10,5,251,23,73,13,55,4,10,15,1,1
15,255,77,61,14,200,11,18,213,53,60,260,1,65,82,41,18,15,7,1,1
59,255,142,61,155,187,3,43,220,42,68,372,30,15,71,7,19,8,5,1,1
45,92,187,21,118,273,15,33,190,41,55,362,23,14,24,8,19,12,36,0,1
35,13,187,21,44,82,13,33,133,41,68,130,14,14,3,7,18,12,36,0,1
1,63,20,26,71,109,13,8,115,11,30,338,23,30,74,66,24,10,1,0,1
45,232,138,21,149,81,7,5,120,20,13,375,31,27,13,24,4,10,36,0,1
67,111,125,20,30,32,11,20,90,15,55,97,35,55,47,72,18,18,5,0,1
42,42,151,29,60,30,9,5,106,10,6,74,5,11,81,9,18,10,28,1,1
23,57,15,23,138,211,5,16,179,9,17,356,6,64,69,39,13,26,3,1,1
65,275,184,17,43,187,5,24,209,2,2,247,4,68,56,6,2,19,26,1,1
1,254,38,86,62,235,20,48,61,43,8,118,5,17,47,58,5,15,13,1,1
2,23,2,49,134,180,13,19,64,55,67,207,27,23,97,60,16,5,18,1,1
20,244,169,24,152,236,9,14,139,17,70,251,24,67,1,24,6,16,24,1,1
69,7,146,84,5,35,3,46,12,3,50,195,43,44,18,35,25,8,16,1,1
46,168,167,8,17,243,9,36,72,46,56,104,39,45,38,11,1,10,20,1,1
7,33,137,78,125,168,10,24,220,20,50,183,35,17,4,62,4,10,40,1,1
20,59,114,27,91,236,11,20,90,52,51,290,24,68,90,37,18,15,40,1,1
15,209,56,42,47,192,13,53,246,37,0,363,4,43,69,7,25,7,40,1,1
65,148,101,58,98,263,11,20,90,4,62,83,35,40,7,24,14,11,35,1,1
32,170,190,41,112,218,15,33,64,10,5,184,10,7,81,63,6,10,15,0,1
45,112,142,61,106,184,9,27,181,3,30,55,27,32,97,62,24,10,2,1,1
13,157,149,58,91,109,9,14,219,37,8,43,2,51,66,17,24,18,1,1,1
20,16,97,16,104,235,22,16,4,53,25,63,10,15,35,6,6,10,33,1,1
53,16,134,57,96,219,7,5,100,3,50,241,2,50,37,12,11,8,7,1,1
5,88,190,12,42,45,7,9,41,42,25,228,27,52,77,37,11,7,15,1,1
66,303,97,46,109,35,13,1,117,4,30,134,30,15,35,40,1,8,31,1,1
4,286,128,16,71,29,15,2,82,20,5,56,31,7,35,52,6,10,2,1,1
10,24,68,27,129,108,15,2,158,3,60,98,23,27,25,24,19,10,1,1,1
14,65,133,12,121,200,16,33,10,42,75,85,43,55,10,72,2,19,5,0,1
9,145,49,26,98,53,7,47,171,10,75,195,30,27,81,62,19,12,15,1,1
57,311,40,41,61,270,11,20,90,10,5,366,18,45,73,42,18,18,36,1,1
31,151,55,64,155,27,11,18,90,7,12,350,15,19,82,41,19,19,28,1,1
5,203,177,20,61,86,7,47,87,42,68,364,39,73,71,9,8,8,27,0,1
18,6,142,31,48,111,1,30,232,29,40,262,30,7,46,9,14,10,5,1,1
33,94,20,26,113,221,21,38,189,20,5,215,23,65,85,24,4,8,36,0,1
35,218,50,41,61,184,11,18,90,42,6,88,27,65,76,9,18,12,5,0,1
5,182,50,69,156,168,16,1,7,42,9,58,31,27,81,4,14,10,28,1,1
55,42,125,1,35,190,7,37,213,41,9,55,31,6,15,27,18,10,5,1,1
45,133,36,43,131,231,9,27,87,41,68,280,10,14,100,16,14,10,28,0,1
34,291,86,21,60,272,3,43,34,41,55,205,10,14,100,72,14,10,14,0,1
11,90,52,82,158,166,9,14,213,29,54,326,14,38,95,23,10,12,27,1,1
48,264,130,59,83,262,15,33,180,56,16,340,36,59,45,22,20,18,20,1,1
46,94,106,46,48,105,13,19,156,11,62,350,23,60,71,16,18,10,40,0,1
65,96,179,71,93,124,11,18,106,44,4,218,29,41,33,24,6,1,12,1,1
13,214,29,62,90,28,2,23,138,17,59,186,30,15,71,6,6,10,29,0,1
69,168,21,40,108,184,7,47,16,6,52,288,11,64,19,17,6,19,0,1,1
20,215,180,57,23,174,10,16,209,37,0,280,30,10,37,56,1,8,12,0,1
66,296,160,36,37,72,11,20,90,43,51,69,24,3,51,62,24,5,8,1,1
33,121,71,3,57,214,11,27,108,23,52,281,4,5,44,42,19,1,33,1,1
65,221,85,16,70,74,9,27,161,20,50,144,31,45,94,36,25,8,35,0,1
16,109,147,27,96,28,12,6,67,11,62,292,23,19,85,28,4,10,15,0,1
54,210,34,64,63,254,10,30,22,7,12,201,39,10,10,24,4,15,36,0,1
69,276,187,21,33,12,3,0,184,15,23,186,10,7,81,41,18,8,27,0,1
44,239,68,8,96,78,15,8,190,10,5,187,5,0,32,40,25,5,24,0,1
55,67,93,70,47,74,21,34,16,3,50,240,30,10,37,62,14,5,1,1,1
15,106,73,29,35,144,11,20,90,4,20,0,24,40,64,9,4,8,7,1,1
41,40,149,16,71,51,3,38,209,46,56,96,30,50,15,70,24,8,10,1,1
20,63,46,33,125,42,7,1,50,20,6,382,1,22,47,37,4,8,15,0,1
65,213,84,26,71,168,3,38,14,58,6,338,7,55,37,62,24,8,1,1,1
65,213,84,26,71,168,3,38,14,58,6,338,7,55,37,62,24,8,1,1,1
30,295,84,26,14,282,11,18,90,49,20,319,27,62,38,41,14,15,36,0,1
55,213,85,61,121,149,21,15,129,58,60,222,30,14,25,24,19,10,7,0,1
36,298,46,78,34,243,3,13,165,20,5,118,23,50,71,24,4,10,40,1,1
63,298,142,12,106,244,11,20,90,58,50,363,2,0,76,4,8,5,40,1,1
51,236,73,20,61,87,7,9,44,10,75,180,30,7,46,21,4,10,5,1,1
31,0,152,31,15,150,11,18,90,23,20,278,39,30,67,0,8,10,36,0,1
19,311,131,41,33,158,15,1,213,7,12,214,23,14,25,72,18,15,15,0,1
46,203,152,61,15,282,11,20,90,11,65,351,2,55,94,4,8,18,7,0,1
40,142,155,29,60,30,7,36,199,15,40,159,23,7,81,42,19,10,28,0,1
19,225,20,46,48,153,7,19,93,58,60,14,2,50,37,41,18,7,5,0,1
1,234,177,69,61,78,13,19,127,15,40,164,23,27,25,0,10,10,7,1,1
59,218,77,61,111,159,9,27,161,53,75,169,31,14,13,65,8,19,28,0,1
51,182,17,31,149,222,11,20,90,42,5,159,39,30,85,9,10,15,5,1,1
12,230,17,10,72,173,15,2,221,41,55,211,10,66,3,55,14,12,1,1,1
36,182,138,69,22,259,16,1,182,29,54,377,14,73,24,41,8,15,28,1,1
38,46,135,43,144,18,11,20,90,42,12,220,39,50,20,65,8,18,28,0,1
16,17,42,48,30,29,7,37,22,41,55,237,23,66,3,37,14,10,28,1,1
35,263,72,20,127,175,7,47,24,15,40,91,10,11,3,72,18,10,5,0,1
10,316,125,20,84,141,9,14,213,19,54,11,23,66,100,65,14,12,27,0,1
9,29,49,26,154,202,3,46,229,29,54,262,10,15,46,57,4,10,7,0,1
8,187,69,47,115,66,13,47,139,15,23,350,14,54,95,41,10,10,14,0,1
48,128,120,53,6,131,4,3,151,31,49,91,11,72,65,6,13,27,10,1,1
21,138,120,25,74,187,22,52,213,43,34,53,18,23,4,71,5,18,10,1,1
21,4,47,57,152,53,16,4,147,23,20,372,43,44,5,47,22,19,32,1,1
64,288,144,22,124,203,5,29,22,37,0,152,30,0,37,1,2,10,10,1,1
48,53,103,42,94,190,5,0,63,3,60,106,7,51,76,40,24,5,8,1,1
46,142,40,69,61,107,15,41,202,10,75,186,23,0,67,9,14,19,27,0,1
7,113,64,66,23,79,2,23,244,20,6,334,18,40,44,37,8,20,5,1,1
64,290,93,66,37,192,16,43,16,42,68,213,43,51,76,66,6,15,15,1,1
13,82,90,3,21,272,5,34,56,25,59,100,15,65,10,2,21,8,0,1,1
23,169,47,42,78,184,7,47,218,38,59,366,1,32,5,8,6,5,24,1,1
15,210,19,27,129,35,9,37,114,49,18,231,39,62,67,71,16,10,24,1,1
69,144,46,73,154,247,11,20,90,52,34,257,9,22,73,42,18,15,7,1,1
0,106,85,12,106,204,11,20,90,23,34,29,11,17,14,9,14,22,7,1,1
57,160,101,16,14,89,11,20,90,52,74,373,18,33,83,42,18,6,24,1,1
64,324,142,41,106,2,11,20,145,46,0,251,36,10,70,16,18,5,15,1,1
65,58,97,46,28,2,11,18,213,46,65,339,2,23,70,0,18,15,40,1,1
24,224,40,31,14,243,7,1,95,29,54,245,1,19,98,0,14,18,36,0,1
55,71,153,33,28,37,11,20,90,46,8,18,35,10,18,4,8,26,40,1,1
35,176,116,26,109,228,7,9,65,58,13,120,31,73,13,71,11,12,31,0,1
16,65,124,41,118,272,13,47,63,41,9,124,31,14,81,21,11,10,7,1,1
9,276,142,31,14,158,11,20,90,4,62,176,1,51,26,42,14,19,7,1,1
0,295,34,12,98,19,21,24,5,10,6,53,10,27,24,35,4,10,40,0,1
31,218,125,48,131,40,13,33,133,42,9,196,14,15,13,16,14,10,36,0,1
13,311,16,61,61,72,11,20,90,20,30,185,2,23,70,23,18,26,5,1,1
29,42,187,21,127,187,9,27,213,42,68,350,23,14,24,8,19,10,40,0,1
10,165,124,69,22,177,11,20,90,58,56,132,7,7,15,23,10,7,19,1,1
26,91,36,47,58,9,11,20,90,53,75,182,7,15,31,72,14,5,5,1,1
10,300,187,21,84,102,11,20,90,10,5,362,5,50,31,23,10,10,5,0,1
34,228,73,10,61,131,11,18,90,41,25,159,15,66,35,9,14,10,27,1,1
62,70,40,21,61,11,21,46,25,7,9,376,14,54,16,17,8,12,28,0,1
5,187,25,21,60,259,11,20,90,41,68,326,7,27,71,4,8,10,27,1,1
31,249,36,48,107,185,9,37,146,19,40,159,23,21,16,65,8,12,11,0,1
59,198,133,64,72,163,11,20,90,10,50,232,6,65,98,4,10,7,27,0,1
24,74,38,40,141,169,11,14,46,43,46,381,9,46,1,57,1,24,10,1,1
38,288,98,83,86,34,9,37,148,26,73,236,24,3,51,17,24,5,35,1,1
65,314,11,67,137,161,17,7,104,3,30,143,7,33,97,55,4,8,2,1,1
66,39,47,60,133,115,11,14,170,46,15,281,18,28,52,17,4,22,29,1,1
21,173,117,57,146,159,5,0,10,11,56,352,27,55,38,62,6,15,40,1,1
19,148,56,42,89,81,11,18,90,43,46,326,36,19,5,17,11,10,2,0,1
55,117,180,60,66,192,9,37,171,23,8,196,1,43,4,16,18,15,33,1,1
64,243,23,34,4,190,21,13,17,11,56,146,31,10,32,8,1,8,33,1,1
6,131,180,3,56,211,13,47,34,52,20,271,5,30,53,24,24,10,1,0,1
44,159,44,70,100,193,11,20,90,49,0,67,32,17,72,4,14,11,24,1,1
68,237,17,10,118,217,15,8,138,42,12,25,30,62,20,65,14,10,28,0,1
48,5,97,58,18,159,7,19,190,20,6,51,15,22,38,42,19,15,36,1,1
12,69,163,73,125,39,3,43,213,3,50,93,30,6,35,63,25,12,1,0,1
1,88,112,85,57,193,21,13,245,11,0,357,27,19,47,42,4,10,7,1,1
16,301,131,31,156,115,11,20,90,53,75,83,35,0,66,9,4,2,40,1,1
2,301,75,12,42,111,21,46,33,41,9,67,14,15,46,66,24,8,24,1,1
48,201,85,64,42,213,16,22,22,10,5,51,39,30,85,42,4,18,2,1,1
21,304,183,64,112,73,11,18,90,3,56,367,27,10,66,72,6,27,7,1,1
1,224,97,64,128,122,15,1,33,23,51,46,14,7,25,66,19,10,2,1,1
48,224,122,16,71,35,9,14,146,4,56,86,23,50,71,22,4,12,29,1,1
10,286,49,61,112,29,22,24,195,42,9,13,10,73,25,62,18,12,5,0,1
36,161,131,31,61,188,11,20,90,10,75,334,39,60,53,41,8,10,5,1,1
12,32,49,16,154,2,15,1,56,42,68,222,14,66,55,24,14,12,36,1,1
46,22,152,26,111,115,11,14,160,10,5,40,39,66,13,37,19,10,7,0,1
34,22,187,21,144,186,11,20,90,10,5,14,5,6,74,65,14,18,15,0,1
25,173,153,33,39,229,16,38,59,20,6,223,10,19,53,71,24,19,4,0,1
45,42,186,10,72,197,16,8,52,10,5,282,14,7,25,37,8,12,28,0,1
69,54,60,48,58,97,11,20,60,41,55,363,1,7,53,4,10,10,27,1,1
29,45,100,48,131,19,11,27,196,53,75,169,10,56,49,9,14,10,36,1,1
66,12,105,75,80,250,11,20,90,8,41,244,17,41,89,57,6,13,22,1,1
1,84,178,45,151,166,5,4,99,56,53,146,0,41,87,76,2,6,32,1,1
64,231,39,15,67,169,14,51,56,24,64,195,9,43,62,50,21,18,38,1,1
55,115,38,2,157,281,5,16,117,25,57,214,15,59,4,6,13,19,12,1,1
7,180,3,62,122,151,15,1,204,43,8,99,2,45,5,6,6,15,1,0,1
55,168,153,58,70,221,7,9,136,49,8,54,32,59,14,70,13,8,8,1,1
65,278,126,36,122,259,9,5,134,32,49,213,43,51,47,20,25,8,10,1,1
66,296,23,8,100,131,22,16,151,46,65,186,43,17,70,8,2,18,2,1,1
55,41,147,70,4,174,15,43,79,52,15,335,9,71,56,27,6,15,16,1,1
19,293,123,24,122,144,9,36,93,37,62,243,0,12,19,7,6,27,40,1,1
20,59,47,22,89,254,21,13,43,49,20,45,7,62,92,59,2,8,29,0,1
23,109,163,78,39,233,11,27,51,4,30,350,5,65,92,64,2,10,4,1,1
66,287,112,85,4,283,3,46,184,37,62,316,23,55,31,1,1,10,35,1,1
65,159,180,14,66,221,21,13,33,4,30,48,10,15,46,2,4,12,33,1,1
57,8,79,57,116,246,15,1,63,46,65,213,31,15,15,35,18,10,2,1,1
38,95,84,73,154,52,7,37,25,20,13,109,2,45,66,16,6,18,7,1,1
42,60,164,67,141,174,14,39,109,37,62,211,7,59,73,59,2,15,24,0,1
65,16,97,46,98,246,13,33,247,4,65,297,5,50,31,10,2,8,33,1,1
64,102,170,70,85,186,11,18,93,31,59,45,18,22,70,42,14,15,29,1,1
15,63,28,34,51,7,11,18,90,53,75,313,7,65,32,9,24,18,5,1,1
57,73,100,48,115,246,11,20,90,7,6,174,18,65,26,41,18,18,7,1,1
42,136,187,29,22,273,16,41,220,7,25,152,23,27,25,70,14,12,15,0,1
18,26,40,41,155,38,13,19,107,42,68,240,5,27,46,9,14,8,5,0,1
63,218,168,1,131,78,11,14,178,53,75,352,27,14,53,72,6,15,19,1,1
51,54,63,20,144,187,11,20,90,42,12,105,31,50,15,4,14,8,28,0,1
13,54,72,1,149,116,13,19,168,41,9,372,31,50,74,9,14,8,28,1,1
20,143,5,84,89,275,11,20,90,52,74,8,24,41,60,55,20,25,35,0,1
29,273,100,1,84,83,11,20,90,42,75,156,7,6,31,65,10,11,19,0,1
44,251,72,1,156,1,13,1,44,41,9,326,14,56,49,35,8,12,36,0,1
10,70,60,48,30,148,11,20,90,41,68,228,23,11,100,0,18,12,7,1,1
33,256,73,20,127,81,13,53,240,7,12,117,5,27,46,65,8,10,27,1,1
43,114,87,47,73,107,11,20,90,41,55,326,31,73,46,25,8,10,28,0,1
12,231,37,35,6,213,6,50,123,23,0,84,23,44,98,46,23,12,9,1,1
12,101,188,30,12,256,15,8,112,30,48,259,38,68,44,71,1,22,4,1,1
12,101,98,11,68,192,13,41,125,31,59,45,5,0,32,11,13,10,9,1,1
38,238,113,45,151,148,17,21,173,12,42,366,28,71,22,52,22,27,25,1,1
65,204,71,3,50,190,9,37,79,37,34,342,6,52,4,11,22,8,20,0,1
12,93,90,2,122,180,14,31,157,20,50,124,31,7,71,57,19,8,8,1,1
27,204,163,58,128,141,11,20,90,46,0,352,41,34,88,0,11,5,2,1,1
5,19,17,10,33,136,9,27,139,10,30,317,9,33,14,41,18,15,7,1,1
33,180,5,22,124,190,1,35,220,43,8,173,30,55,85,70,11,19,16,1,1
12,2,111,57,94,259,21,46,107,0,21,31,1,51,26,27,21,18,1,0,1
13,148,146,14,146,146,9,14,87,52,44,204,25,48,22,37,6,15,24,1,1
12,216,23,81,39,129,7,37,31,14,15,366,32,45,4,0,4,10,31,1,1
25,214,6,11,157,99,7,5,161,43,34,83,9,5,69,55,2,8,35,0,1
12,159,26,42,124,20,7,53,181,0,52,293,36,0,18,35,11,15,24,1,1
33,71,116,46,64,47,11,20,90,20,30,114,18,0,5,42,11,11,15,1,1
33,213,149,33,104,24,11,20,90,3,30,152,6,62,94,72,18,15,28,1,1
36,50,77,61,71,232,9,47,160,7,12,350,10,73,25,27,19,8,1,0,1
27,124,138,69,127,256,11,20,90,10,13,322,6,0,47,72,18,1,7,1,1
14,276,34,12,42,240,22,24,166,7,68,340,23,30,15,8,19,12,36,1,1
59,225,20,46,48,141,7,37,76,58,50,265,39,15,74,9,8,10,28,1,1
15,20,158,33,143,228,14,28,17,4,65,4,15,51,76,75,21,15,8,0,1
52,255,50,10,33,68,16,33,13,15,23,23,14,27,3,35,14,10,15,1,1
17,92,85,46,127,205,11,20,90,10,30,159,43,19,94,65,18,7,27,1,1
45,156,163,16,106,41,11,18,145,0,21,67,15,10,98,41,8,19,7,1,1
51,26,142,12,14,254,11,27,160,58,13,106,15,73,15,62,24,10,2,1,1
28,32,73,21,61,110,9,14,31,10,60,250,39,27,35,37,14,10,5,0,1
56,230,40,10,33,182,9,37,191,20,13,152,31,14,81,4,14,15,36,0,1
52,297,152,12,128,53,11,27,215,3,13,103,30,7,46,72,10,12,36,0,1
43,313,177,10,106,53,9,9,160,19,24,326,23,56,55,35,14,12,15,1,1
30,54,151,69,61,233,11,14,106,29,55,276,15,7,31,9,14,10,27,0,1
14,300,42,47,35,142,13,53,169,7,12,350,14,14,3,42,8,12,28,0,1
44,41,11,67,93,274,3,0,117,6,21,307,15,22,38,18,11,8,16,0,1
31,211,138,21,22,61,11,18,90,10,75,93,15,73,74,72,19,8,5,0,1
54,78,125,29,55,4,9,27,87,29,54,195,10,56,49,0,10,12,36,0,1
14,114,63,1,35,173,11,27,160,20,13,314,39,56,81,23,8,10,28,1,1
17,220,69,47,58,136,11,20,90,42,12,162,39,66,13,23,8,10,28,1,1
0,289,57,4,41,187,1,32,228,51,69,16,11,28,64,55,25,18,17,1,1
21,56,13,18,65,256,11,36,236,38,46,295,27,0,26,40,13,8,16,1,1
21,283,79,66,4,23,11,18,90,31,74,306,7,22,38,5,15,8,25,1,1
65,143,111,86,56,249,11,20,90,49,20,360,15,72,97,21,2,5,10,1,1
65,143,111,86,56,249,11,20,90,49,20,360,15,72,97,21,2,5,10,0,1
24,190,3,35,0,133,13,2,65,6,21,328,1,43,28,56,21,8,13,1,1
64,293,111,3,56,42,21,4,18,52,20,235,30,51,10,51,24,10,20,0,1
64,288,93,70,47,4,16,43,226,58,50,196,39,30,53,1,6,10,16,1,1
41,30,166,57,59,264,13,8,253,51,16,7,7,19,10,36,5,8,35,1,1
21,321,10,22,40,213,4,28,214,32,44,233,7,30,67,54,5,10,4,1,1
18,217,158,85,4,262,9,47,41,46,20,117,23,30,74,60,24,10,4,1,1
41,287,83,81,78,200,21,0,15,58,13,120,39,6,74,17,6,18,1,0,1
6,140,170,57,94,195,11,14,191,3,30,252,0,43,65,0,6,1,31,1,1
64,285,92,84,59,178,5,4,248,6,52,257,27,51,5,17,24,8,31,1,1
21,173,123,22,37,146,11,20,213,33,63,339,11,43,7,24,4,18,10,1,1
57,131,169,67,152,52,11,20,90,38,59,293,36,45,73,37,19,5,31,1,1
63,67,180,3,78,99,11,18,108,0,74,286,35,52,77,17,18,15,2,1,1
34,159,106,73,28,61,7,37,15,4,62,190,30,7,46,57,24,10,1,1,1
40,137,58,64,98,228,11,18,161,52,74,33,31,66,25,57,1,8,33,0,1
16,137,28,8,125,256,7,5,18,4,62,288,18,32,73,35,6,11,40,1,1
45,304,16,69,15,71,3,22,221,3,30,139,30,7,46,28,24,10,24,1,1
45,0,46,58,51,281,5,13,197,20,60,160,39,62,67,0,19,8,8,0,1
18,104,40,69,156,100,11,20,90,4,62,375,2,10,47,4,18,6,5,1,1
52,226,46,33,91,148,22,34,80,19,23,162,31,72,66,62,4,19,1,0,1
3,285,153,8,57,29,11,27,178,20,50,144,35,48,45,0,4,15,24,0,1
40,178,186,31,106,259,11,20,90,10,13,369,1,55,82,4,8,16,36,0,1
31,156,50,20,22,75,11,20,90,37,18,91,23,27,24,57,18,12,8,1,1
59,42,138,21,149,29,11,14,160,10,5,24,5,6,71,0,18,10,7,0,1
34,242,25,29,35,97,11,20,90,10,75,300,15,7,31,4,18,8,7,1,1
59,15,50,10,156,144,11,20,90,7,6,128,27,73,67,9,19,10,7,0,1
42,46,187,29,55,240,9,14,149,3,60,227,14,14,55,57,8,12,2,1,1
45,103,30,47,30,232,9,36,44,19,23,248,10,54,54,17,4,10,36,0,1
29,87,40,21,22,207,11,18,213,37,62,231,31,56,100,65,14,8,28,1,1
32,119,135,43,114,197,7,9,15,41,55,131,10,56,49,9,14,10,19,1,1
1,152,99,7,7,262,6,17,18,2,35,252,35,32,40,38,0,15,6,1,1
65,229,141,68,67,187,20,40,197,0,46,69,6,32,70,71,23,18,16,1,1
65,86,139,9,95,190,3,46,13,32,10,183,3,53,41,29,5,26,22,1,1
21,11,1,30,53,272,9,27,65,13,71,168,12,64,34,40,25,27,22,1,1
15,72,176,53,24,264,18,21,81,24,3,196,7,65,32,67,25,15,39,1,1
65,1,29,71,108,192,14,32,75,31,52,56,2,44,97,28,11,10,29,1,1
68,199,62,51,6,250,11,14,108,12,63,127,0,64,90,35,1,0,0,1,1
65,314,47,66,78,23,20,26,189,20,5,106,10,62,31,2,25,12,31,1,1
64,294,114,85,39,212,11,18,161,3,65,354,12,59,56,41,4,7,40,1,1
0,44,54,8,25,201,21,34,187,23,0,84,43,10,38,17,24,1,33,0,1
24,33,156,66,70,160,11,20,90,37,18,164,4,58,61,41,4,16,28,1,1
5,63,75,61,48,175,5,4,10,41,9,315,5,6,71,27,24,8,7,0,1
6,304,97,73,154,275,15,47,152,58,60,171,7,19,10,42,18,10,1,1,1
57,224,152,26,111,119,11,20,90,20,50,35,32,23,77,9,18,7,36,1,1
57,170,44,78,82,211,21,46,149,52,20,149,39,6,74,62,24,15,16,1,1
16,164,131,31,106,216,9,27,124,53,75,4,31,73,46,52,4,8,16,1,1
9,65,152,26,106,7,11,18,90,20,50,309,6,10,26,4,8,18,40,1,1
55,124,85,12,113,62,11,20,60,46,20,30,6,44,40,41,14,27,2,1,1
12,131,103,85,78,29,2,42,107,4,30,106,10,10,85,55,4,8,15,0,1
2,107,122,26,112,180,10,38,234,53,12,340,31,7,35,27,4,10,1,1,1
61,167,49,64,14,237,11,20,90,3,62,311,1,22,47,72,14,19,15,1,1
20,92,77,41,44,131,11,20,90,58,60,148,27,65,76,4,10,15,36,1,1
24,153,152,12,44,102,11,18,145,4,30,184,7,60,85,9,14,18,1,1,1
21,234,131,69,118,197,13,19,130,58,60,197,23,27,25,35,19,10,15,1,1
9,182,187,69,61,211,11,18,106,42,12,212,1,62,82,4,14,15,27,0,1
42,297,77,41,72,73,11,20,90,58,62,367,15,65,10,65,12,5,5,1,1
34,165,177,20,107,6,11,20,90,53,5,19,6,62,94,41,19,15,7,1,1
69,146,100,48,114,195,11,20,90,7,25,266,7,30,67,65,8,19,5,0,1
6,166,163,64,104,111,5,34,117,43,52,303,7,22,94,17,4,1,8,0,1
35,189,155,1,114,3,11,20,90,42,75,221,7,14,35,72,14,8,5,1,1
31,103,100,1,58,94,11,18,90,42,12,302,31,6,71,65,10,10,27,0,1
31,127,36,43,115,11,9,36,44,15,54,162,10,54,49,72,8,15,28,1,1
31,196,73,10,144,139,11,20,90,41,68,212,31,14,25,4,12,15,1,0,1
69,105,7,30,80,187,20,12,216,47,63,17,7,33,97,49,16,15,37,1,1
65,108,173,39,9,52,21,15,226,39,57,208,36,17,39,18,25,18,16,1,1
55,289,70,76,53,29,4,28,180,34,35,207,6,51,5,54,1,1,3,1,1
65,158,13,39,19,25,9,27,139,24,16,345,19,58,58,24,25,13,33,1,1
64,55,157,11,141,184,11,20,90,32,57,151,11,58,1,7,4,26,10,1,1
21,283,74,14,99,173,21,38,186,31,36,31,7,62,92,44,1,12,25,0,1
1,190,29,5,0,188,11,18,90,6,36,109,29,12,51,24,24,22,10,1,1
21,53,43,67,122,183,9,36,44,11,65,55,4,40,90,8,1,13,24,1,1
6,299,111,86,89,97,15,8,214,4,56,131,27,33,72,62,24,7,16,1,1
23,38,111,57,37,270,12,23,238,37,62,62,31,30,20,63,2,15,31,1,1
16,125,175,14,116,23,11,14,87,57,64,53,27,19,47,16,11,8,24,1,1
18,27,79,3,4,37,11,20,90,23,51,37,18,28,52,41,4,19,8,1,1
34,106,163,46,113,249,11,20,90,43,46,268,0,5,7,41,18,8,1,0,1
23,88,46,58,109,193,11,20,90,46,43,228,0,51,77,41,4,19,1,1,1
4,58,93,34,125,117,11,18,90,3,18,111,2,10,47,37,18,8,8,1,1
55,185,49,26,63,148,11,14,120,58,50,222,18,44,28,42,14,18,15,0,1
20,116,142,61,156,194,11,20,90,3,30,86,35,45,97,65,8,13,7,1,1
36,94,128,12,121,51,5,13,80,3,50,223,10,14,100,22,18,12,31,1,1
23,124,116,64,63,20,13,53,222,11,56,252,30,15,71,63,24,15,31,1,1
4,48,40,41,55,140,11,20,90,53,5,3,1,55,82,65,24,5,5,1,1
0,167,142,12,64,159,9,37,19,20,6,251,39,7,15,7,14,8,40,0,1
0,104,183,12,113,158,21,13,9,7,68,58,31,66,25,16,19,10,36,0,1
19,159,85,61,121,11,5,15,63,20,5,195,23,65,53,70,6,10,16,0,1
16,104,131,31,111,122,9,36,190,7,75,218,43,22,47,9,18,19,28,1,1
22,255,118,78,18,272,15,8,13,3,62,38,7,11,13,16,24,8,40,0,1
9,153,124,41,61,265,11,20,90,7,25,326,43,0,98,23,10,1,27,1,1
10,234,20,58,71,282,11,18,90,20,30,359,1,7,53,72,8,8,24,1,1
35,218,151,1,22,268,13,9,123,20,13,214,23,73,25,35,18,10,2,0,1
26,61,186,41,106,283,7,47,79,10,75,353,31,15,71,37,8,10,36,1,1
44,165,17,21,22,80,9,36,1,11,60,58,10,11,49,27,14,10,1,1,1
9,133,73,21,22,166,11,20,90,53,6,204,15,7,74,72,8,10,7,1,1
13,268,116,61,71,266,3,46,158,4,56,214,5,32,38,17,2,15,24,0,1
61,25,63,29,131,246,11,14,106,53,5,355,10,14,100,55,24,12,15,1,1
5,189,72,1,60,43,7,9,246,7,25,190,14,56,54,17,19,10,7,0,1
2,211,187,29,22,182,11,20,90,58,60,18,39,73,15,65,14,8,36,0,1
33,263,36,43,30,49,11,14,50,42,68,350,5,73,35,4,8,8,19,0,1
10,256,168,29,131,256,11,20,90,41,12,179,39,14,46,65,14,10,28,0,1
54,99,51,13,45,62,11,20,90,15,23,130,23,56,55,23,10,10,14,0,1
69,206,174,52,53,6,9,36,86,28,33,151,32,35,22,15,20,11,9,1,1
21,12,110,74,46,73,1,42,15,2,19,325,0,28,22,70,16,15,30,0,1
21,12,110,74,46,73,1,42,15,2,19,325,0,28,22,70,16,15,30,1,1
6,231,119,9,65,189,11,18,90,39,10,224,25,36,93,70,6,8,20,1,1
68,157,106,78,14,279,11,20,90,58,65,342,11,48,30,37,14,18,7,0,1
23,267,166,86,62,30,10,31,167,38,7,46,38,5,65,32,23,15,18,1,1
66,35,121,55,151,51,5,16,165,31,44,356,18,23,28,27,11,26,10,1,1
16,283,22,53,0,263,14,49,34,52,34,190,2,23,70,21,7,5,2,1,1
48,180,160,60,4,90,11,20,90,0,59,291,24,63,61,9,18,7,24,1,1
55,126,45,71,76,109,22,42,5,14,74,3,38,31,7,35,4,2,16,1,1
21,252,98,11,93,151,11,18,161,12,10,289,20,67,51,17,4,16,10,1,1
23,85,165,35,147,180,11,18,90,16,49,285,28,48,59,41,19,6,35,0,1
48,285,43,84,21,156,18,42,164,58,13,262,15,62,37,62,4,15,40,1,1
41,173,137,70,82,188,11,18,44,58,20,82,29,28,1,37,19,5,24,0,1
66,258,23,8,125,147,15,33,138,0,15,189,39,19,32,64,6,15,10,1,1
3,172,97,46,28,203,3,41,149,58,60,154,30,0,92,62,25,15,15,0,1
15,44,144,85,57,61,22,24,142,0,15,265,7,19,10,1,1,10,10,1,1
10,8,58,26,98,53,5,34,226,58,50,54,23,73,81,31,6,10,24,1,1
42,137,41,33,51,237,7,5,75,3,30,244,7,0,82,21,6,18,15,1,1
32,271,4,70,91,27,9,36,191,46,51,94,5,15,74,22,6,12,31,0,1
16,286,133,64,155,180,11,18,90,20,65,75,35,65,47,9,4,5,7,0,1
0,62,131,41,72,184,11,20,90,10,13,136,39,19,32,16,24,8,15,0,1
68,236,106,78,128,165,11,14,160,58,6,58,7,50,53,24,19,15,36,1,1
66,50,28,78,18,23,10,34,198,3,50,120,7,27,35,24,19,8,7,1,1
46,245,50,69,72,181,13,19,117,7,25,91,10,27,24,29,24,12,29,0,1
51,178,131,61,127,143,11,20,60,42,75,174,2,0,76,9,8,5,28,0,1
5,156,138,41,61,73,11,14,90,41,25,82,43,50,67,17,19,10,40,1,1
51,234,77,41,127,127,11,18,31,58,62,110,35,55,76,42,18,10,7,1,1
33,218,125,48,144,257,7,9,45,7,12,100,10,66,100,57,18,10,40,1,1
10,161,63,20,144,155,11,20,90,42,68,350,43,15,85,9,18,18,28,1,1
26,161,138,69,144,141,9,27,155,7,25,286,23,73,25,24,4,8,7,0,1
40,111,75,61,14,243,15,8,130,20,13,311,5,56,24,24,8,10,15,0,1
44,242,50,69,156,221,11,20,90,10,6,80,43,60,37,41,8,10,7,1,1
46,165,132,47,126,137,11,20,90,42,68,109,39,6,74,65,8,1,19,1,1
5,133,77,21,156,22,7,5,99,37,0,153,31,27,13,72,14,18,36,0,1
51,54,138,41,60,54,11,18,213,29,12,178,23,14,25,37,18,10,36,0,1
36,211,177,20,127,38,9,5,147,10,6,38,30,54,55,72,14,10,27,0,1
33,179,152,61,155,187,5,13,223,7,12,143,10,38,16,24,14,12,40,0,1
45,179,187,21,149,233,16,41,123,15,40,326,10,54,54,16,14,10,36,0,1
65,302,9,68,135,282,3,15,83,39,73,170,11,52,65,50,9,5,23,1,1
23,229,70,77,119,107,1,49,5,44,53,41,27,72,77,36,1,8,39,1,1
66,56,88,40,24,109,18,6,82,52,51,81,5,51,82,20,1,10,29,1,1
1,162,139,44,74,17,11,14,90,31,64,202,41,58,11,51,2,4,13,1,1
13,122,34,26,48,178,13,53,28,20,13,24,43,32,66,37,19,19,7,0,1
65,93,179,53,86,37,11,18,106,12,3,181,34,64,21,21,24,16,10,1,1
23,98,178,54,102,24,21,46,99,17,59,215,35,45,97,28,24,15,22,1,1
65,307,161,36,75,145,5,29,213,11,62,151,5,62,85,64,21,10,4,1,1
23,120,47,57,50,203,16,41,158,49,8,93,36,59,45,27,24,5,1,1,1
57,31,146,36,94,271,11,18,90,37,20,323,13,23,30,7,16,18,2,1,1
23,293,84,16,71,283,11,18,160,46,65,261,28,57,80,17,11,2,15,1,1
6,293,38,19,148,215,11,36,30,52,43,129,27,30,82,57,25,10,33,1,1
32,109,68,33,121,172,11,18,90,23,46,355,4,5,44,24,25,27,7,1,1
66,117,58,58,42,137,11,20,90,58,13,48,19,68,51,17,6,18,2,1,1
66,132,83,27,28,271,11,20,90,38,31,89,11,57,80,37,4,27,8,1,1
23,95,134,42,116,254,15,41,126,3,50,340,10,15,46,62,18,8,8,1,1
33,172,103,34,91,95,11,18,90,6,52,143,38,6,98,41,21,12,15,0,1
23,102,112,81,57,148,15,2,52,23,51,255,1,62,82,62,6,5,33,1,1
20,185,68,8,18,244,11,18,90,37,51,242,27,30,94,24,24,15,2,1,1
41,122,153,78,82,207,15,8,168,37,30,90,30,62,31,63,11,10,24,1,1
15,40,49,26,112,156,11,27,46,20,60,136,15,55,32,42,25,15,7,1,1
49,71,190,61,106,52,11,20,90,10,13,305,6,10,26,37,4,10,7,0,1
13,63,75,31,121,74,15,33,241,58,6,70,23,65,85,42,24,15,5,0,1
18,170,128,26,42,107,11,20,90,46,8,152,1,10,76,65,14,26,40,0,1
64,65,122,16,42,2,9,36,41,3,60,240,5,60,31,7,4,10,40,1,1
19,236,152,64,63,203,11,18,213,20,50,141,15,62,37,17,24,15,15,1,1
24,255,124,41,144,179,11,20,90,53,13,272,1,22,47,4,14,15,36,0,1
69,92,152,61,48,35,11,36,210,11,30,216,23,27,25,0,11,10,15,1,1
46,26,73,10,60,191,11,20,90,41,12,232,15,10,98,72,14,19,5,0,1
16,6,116,26,98,210,15,19,189,58,13,54,30,66,24,17,18,10,15,1,1
40,153,152,12,154,110,15,8,129,10,6,255,5,14,81,17,19,15,15,1,1
15,230,177,20,60,216,11,20,90,53,5,19,1,55,82,42,14,19,7,1,1
59,63,122,64,109,45,3,4,79,20,6,350,5,65,92,0,4,15,40,0,1
26,25,187,20,127,196,7,9,249,53,25,20,10,11,49,12,4,10,15,1,1
29,300,36,47,35,12,13,9,213,29,54,186,14,11,49,62,14,12,15,1,1
38,228,86,69,107,65,13,5,145,7,68,340,14,66,55,35,14,10,5,1,1
45,202,135,43,131,185,9,5,172,29,68,371,30,56,3,72,18,15,28,0,1
10,78,177,20,22,200,13,2,127,41,55,300,31,6,71,9,14,10,5,0,1
42,135,72,29,107,283,11,20,90,7,75,381,1,30,37,65,8,19,28,1,1
24,127,135,47,115,58,11,20,213,53,75,275,23,56,55,4,8,10,19,0,1
13,220,135,43,73,55,11,20,90,41,12,264,31,66,81,65,10,8,19,1,1
66,123,185,37,80,54,11,20,90,28,32,355,37,9,0,57,24,3,37,1,1
64,254,130,25,38,260,10,24,23,17,31,168,43,45,26,10,13,26,17,1,1
66,23,67,68,134,270,11,37,215,48,72,61,0,39,58,6,5,27,32,1,1
66,260,12,51,20,187,16,43,136,6,7,79,12,29,78,10,13,18,22,1,1
48,309,184,52,65,151,11,20,90,27,28,81,34,29,88,24,14,3,26,1,1
65,244,12,45,142,105,11,14,181,12,57,341,42,41,11,8,11,16,35,1,1
65,60,35,51,31,33,11,20,161,5,3,366,4,3,6,8,25,7,0,1,1
23,214,111,36,50,270,7,5,113,43,43,209,27,5,23,52,25,1,10,1,1
55,126,179,40,36,204,11,20,90,33,48,49,12,63,1,62,19,1,4,1,1
44,3,119,49,1,10,22,25,205,55,67,170,38,45,77,71,1,19,26,1,1
65,30,172,86,147,155,11,20,90,37,0,268,4,71,80,16,24,11,33,1,1
38,299,176,76,32,239,11,18,213,26,10,176,0,32,39,62,20,7,35,0,1
57,212,148,19,142,248,5,24,184,39,63,352,9,0,40,27,1,26,33,1,1
59,258,71,34,143,195,11,18,90,31,74,177,43,10,38,62,4,10,1,1,1
42,194,112,42,17,144,9,27,131,11,56,98,5,55,67,18,24,10,16,1,1
64,100,43,60,21,24,3,41,61,0,21,195,7,60,85,40,6,8,16,1,1
18,131,156,85,37,51,9,5,160,49,20,47,39,65,37,27,25,8,31,0,1
39,226,47,3,21,274,11,18,90,0,21,300,38,10,40,17,6,15,8,0,1
64,106,26,3,146,61,5,15,213,20,13,196,1,62,10,57,19,18,8,1,1
53,112,20,46,63,27,11,18,90,11,56,314,6,31,96,12,24,20,35,1,1
7,315,161,84,146,27,11,18,213,6,15,320,43,73,31,24,19,10,8,0,1
29,298,101,8,104,225,9,37,72,41,55,362,43,7,20,41,19,8,36,0,1
65,315,118,73,63,141,11,20,90,14,15,91,0,33,62,24,24,8,2,1,1
65,324,34,16,63,177,16,8,232,42,12,161,23,7,13,59,24,10,40,1,1
12,224,122,46,42,166,9,36,138,20,5,325,23,27,24,55,18,10,15,1,1
23,286,116,12,64,195,11,18,44,23,43,378,35,45,97,0,4,19,1,0,1
21,62,16,31,106,155,11,14,108,4,60,262,30,14,25,70,4,8,7,0,1
21,62,16,31,106,155,11,14,108,4,60,262,30,14,25,70,4,8,7,0,1
24,151,131,41,64,241,9,47,160,10,75,67,30,7,46,66,6,12,8,1,1
61,26,122,46,111,261,11,20,90,58,30,245,35,22,18,4,14,18,15,0,1
63,13,142,61,33,148,11,14,215,4,56,130,10,54,49,40,18,10,7,1,1
13,318,55,31,48,28,15,8,213,53,75,140,10,66,3,7,24,10,15,1,1
